slug,Canada,UK,UN,US,EU
AFGHANISTAN-OTHER,*,,,,
ALBANIA-TIRANA,36.33,"8,919.0",147,285,
ALBANIA-OTHER,29.06,,,,
ALGERIA-ALGIERS,174.11,"9,973.0",211,255,
ALGERIA-OTHER,139.29,,,,
ANDORRA-ANDORRA LA VELLA,*,,,,
ANGOLA-LUANDA,340.34,"18,761.5",400,575,
ANGOLA-OTHER,272.27,,,,
ANGUILLA-THE VALLEY,174.44,,,440,
ANTARCTICA-ANTARCTICA,*,,,,
ANTIGUA AND BARBUDA-ST. JOHN'S,226.45,,,,
ARGENTINA-BUENOS AIRES,"2,370.72",391.0,229,396,
ARGENTINA-OTHER,"1,896.58",,,,
ARMENIA-YEREVAN,82.5,"32,230.5",158,240,
ARUBA (KINGDOM OF THE NETHERLANDS)-ORANJESTAD,141.7,,,,
AUSTRALIA-ADELAIDE,220.51,176.0,,301,
AUSTRALIA-BRISBANE,241.1,156.5,,287,
AUSTRALIA-CANBERRA,202.69,164.5,,310,
AUSTRALIA-HOBART,204.93,172.0,,322,
AUSTRALIA-MELBOURNE,236.02,236.5,,365,
AUSTRALIA-PERTH,231.07,191.0,,376,
AUSTRALIA-SYDNEY,253.77,195.0,,397,
AUSTRALIA-OTHER,162.15,,,,
AUSTRIA-GRAZ,134.9,,,384,
AUSTRIA-SALZBURG,138.53,,,396,
AUSTRIA-VIENNA,160.31,,,374,
AUSTRIA-OTHER,128.25,,,,
AZERBAIJAN-BAKU,120.25,85.5,179,361,
AZORES-PONTA DELGADA,*,,,,
BAHAMAS-NASSAU,170.08,,,,
BAHRAIN-MANAMA,59.14,,316,377,
BANGLADESH-DHAKA,"11,286.00","3,753.5",139,290,
BANGLADESH-OTHER,"9,028.80",,,,
BARBADOS-BRIDGETOWN,356.47,199.5,,,
BELARUS-MINSK,179.12,79.5,249,274,
BELGIUM-BRUSSELS,134.9,76.0,,337,
BELGIUM-OTHER,107.92,,,,
BELIZE-BELIZE CITY,211.2,167.0,214,229,
BELIZE-OTHER,168.96,,,,
BENIN-COTONOU,"56,430.00",,221,240,
BENIN-OTHER,"45,144.00",,,,
BERMUDA-HAMILTON,200.57,121.5,,,
BHUTAN-THIMPHU,"8,454.60",,126,,
BOLIVIA-LA PAZ,69.3,355.5,165,225,
BOLIVIA-SANTA CRUZ,65.94,51.5,171,217,
BOLIVIA-OTHER,55.44,,,,
BONAIRE (KINGDOM OF THE NETHERLANDS)-KRALENDIJK,137.61,,,,
BOSNIA AND HERZEGOVINA-SARAJEVO,54.12,,124,189,
BOSNIA AND HERZEGOVINA-OTHER,43.3,,,,
BOTSWANA-GABORONE,937.2,571.5,302,256,
BOTSWANA-OTHER,749.76,,,,
BRAZIL-BRASILIA,400.62,177.5,198,350,
BRAZIL-RIO DE JANEIRO,508.86,268.5,210,518,
BRAZIL-SAO PAULO,460.68,300.5,182,376,
BRAZIL-OTHER,320.5,,,,
BRUNEI DARUSSALAM-BANDAR SERI BEGAWAN,101.15,,,,
BULGARIA-SOFIA,75.17,108.5,216,276,
BULGARIA-OTHER,60.14,,,,
BURKINA FASO-OUAGADOUGOU,"41,844.00",,280,297,
BURKINA FASO-OTHER,"33,475.20",,,,
BURMA (MYANMAR)-YANGON,124.28,,,,
BURMA (MYANMAR)-OTHER,99.42,,,,
BURUNDI-BUJUMBURA,"160,248.00","80,502.0",235,187,
BURUNDI-OTHER,"128,198.40",,,,
CAMBODIA-PHNOM PENH,102.56,87.0,146,236,
CAMBODIA-OTHER,82.05,,,,
CAMEROON-DOUALA,"71,676.00","69,805.5",193,298,
CAMEROON-YAOUNDÉ,"69,762.00",,,,
CAMEROON-OTHER,"55,809.60",,,,
CANARY ISLANDS-ALL ISLANDS,*,,,,
CAPE VERDE-PRAIA,"5,502.00",,197,,
CAPE VERDE-OTHER,"4,401.60",,,,
CAYMAN ISLANDS-GEORGE TOWN,144.87,,,,
CENTRAL AFRICAN REPUBLIC-BANGUI,"59,994.00",,,327,
CENTRAL AFRICAN REPUBLIC-OTHER,"47,995.20",,,,
CHAD-N'DJAMENA,"67,452.00",,178,,
CHILE-SANTIAGO,"84,216.00","45,497.0",323,306,
CHILE-OTHER,"67,372.80",,,,
CHINA-BEIJING,924,605.5,230,377,
CHINA-GUANGZHOU (CANTON),"1,063.26",,,,
CHINA-SHANGHAI,984.72,605.5,239,402,
CHINA-SHENZHEN,"1,160.94",,220,399,
CHINA-OTHER,739.2,,,,
CHRISTMAS ISLAND-FLYING FISH COVE,*,,,,
COLOMBIA-BOGOTÁ,"245,256.00",,,,
COLOMBIA-CALI,"249,876.00","161,005.5",136,249,
COLOMBIA-CARTAGENA,"258,852.00","206,034.5",156,411,
COLOMBIA-MEDELLÏN,"246,840.00",,,,
COLOMBIA-OTHER,"196,204.80",,,,
COMOROS-MORONI,*,,237,191,
CONGO-BRAZZAVILLE,"58,380.00",,284,,
CONGO-OTHER,"46,704.00",,,,
"CONGO, DEMOCRATIC REPUBLIC OF-KINSHASA",174.5,,,,
"CONGO, DEMOCRATIC REPUBLIC OF-OTHER",139.6,,,,
COOK ISLANDS-AVARUA,*,,,,
COSTA RICA-SAN JOSÉ,"62,832.00",,,,
COSTA RICA-OTHER,"50,265.60",,,,
CÔTE D'IVOIRE-ABIDJAN,"95,436.00",,,,
CÔTE D'IVOIRE-OTHER,"76,348.80",,,,
CROATIA-DUBROVNIK,115.5,552.5,,323,
CROATIA-ZAGREB,99.2,441.5,,260,
CROATIA-OTHER,79.36,,,,
CUBA-HAVANA,86.86,65.0,269,316,
CURAÇAO (KINGDOM OF THE NETHERLANDS)-WILLEMSTAD,140.58,,,,
CYPRUS-NICOSIA,119.72,94.0,207,313,
CZECH REPUBLIC-PRAGUE,"2,163.00","1,296.5",258,416,
CZECH REPUBLIC-OTHER,"1,730.40",,,,
DENMARK-COPENHAGEN,"1,450.68",895.5,,421,
DENMARK-OTHER,"1,160.54",,,,
DJIBOUTI-DJIBOUTI,"17,598.00","11,753.0",187,,
DOMINICA-ROSEAU,296.14,185.0,,,
DOMINICAN REPUBLIC-SANTO DOMINGO,"4,745.40","2,846.0",253,300,
ECUADOR-GUAYAQUIL,102.63,75.0,244,241,
ECUADOR-QUITO,113.26,105.0,177,297,
ECUADOR-OTHER,90.6,,,,
EGYPT-CAIRO,"1,552.98",761.0,278,273,
EGYPT-OTHER,"1,242.38",,,,
EL SALVADOR-SAN SALVADOR,81.11,72.0,250,221,
EQUATORIAL GUINEA-BATA,"54,516.00",,236,171,
ERITREA-ASMARA,"1,751.64","1,295.0",215,243,
ERITREA-OTHER,"1,401.31",,,,
ESTONIA-TALLINN,135.7,60.0,321,268,
ESTONIA-OTHER,108.56,,,,
ETHIOPIA-ADDIS ABABA,"2,168.76","1,719.5",198,400,
ETHIOPIA-OTHER,"1,735.01",,,,
FAEROE ISLANDS-TÓRSHAVN,*,,,,
FALKLAND ISLANDS-STANLEY,*,46.5,,,
FIJI-SUVA,283.93,172.0,258,305,
FINLAND-HELSINKI,171.01,82.0,351,349,
FINLAND-OTHER,136.8,,,,
FRANCE-PARIS,180.31,117.0,401,631,
FRANCE-OTHER,144.25,,,,
FRENCH GUIANA-CAYENNE,*,,,,
FRENCH POLYNESIA-PAPEETE,*,,,,
GABON-LIBREVILLE,"86,196.00",,365,307,
GABON-OTHER,"68,956.80",,,,
GAMBIA (THE)-BANJUL,"2,616.24",,,,
GEORGIA-TBILISI,76.56,182.0,,341,
GEORGIA-OTHER,61.25,,,,
GERMANY-BERLIN,158.14,72.0,346,367,
GERMANY-DÜSSELDORF,150.74,,,,
GERMANY-FRANKFURT,154.24,,,,
GERMANY-HAMBURG,158,,326,364,
GERMANY-MUNICH,152.26,79.5,319,359,
GERMANY-OTHER,126.51,,,,
GHANA-ACCRA,520.74,149.5,398,331,
GHANA-OTHER,416.59,,,,
GIBRALTAR-GIBRALTAR,*,75.0,,143,
GREECE-ATHENS,161.11,67.5,310,331,
GREECE-OTHER,128.88,,,,
GREENLAND-NUUK,837.54,,,409,
GREENLAND-OTHER,670.03,,,,
GRENADA-SAINT GEORGE'S,400.29,,,,
GUADELOUPE-BASSE-TERRE,*,,,,
GUATEMALA-ANTIGUA GUATEMALA,789.36,,,,
GUATEMALA-GUATEMALA CITY,854.04,99.5,185,240,
GUATEMALA-OTHER,683.23,,,,
GUINEA-CONAKRY,"955,680.00","443,812.5",240,327,
GUINEA-OTHER,"764,544.00",,,,
GUINEA-BISSAU-BISSAU,129.29,,,238,
GUYANA-GEORGETOWN,"26,175.60","14,953.0",265,283,
HAITI-PORT-AU-PRINCE,122.17,,221,266,
HAITI-OTHER,97.73,,,,
HONDURAS-TEGUCIGALPA,"2,164.80",82.0,206,284,
HONDURAS-OTHER,"1,731.84",,,,
HONG KONG-HONG KONG,"1,584.00",816.5,,535,
HUNGARY-BUDAPEST,105.86,"16,001.0",288,293,
HUNGARY-OTHER,84.69,,,,
ICELAND-REYKJAVIK,"23,614.80","19,262.0",,375,
ICELAND-OTHER,"18,891.84",,,,
INDIA-BANGALORE,"6,798.00","4,629.5",214,474,
INDIA-CHANDIGARH,"4,884.00","5,364.5",,,
INDIA-MUMBAI (BOMBAY),"10,764.60","5,108.0",,,
INDIA-NEW DELHI,"8,692.20","6,100.5",,400,
INDIA-OTHER,"6,953.76",,,,
INDONESIA-DENPASAR (BALI),114.91,,,,
INDONESIA-JAKARTA,140.78,"986,827.0",207,362,
INDONESIA-OTHER,112.62,,,,
IRAN-TEHRAN,"2,366,760.00","1,509,517.5",225,155,
IRAN-OTHER,"1,893,408.00",,,,
IRAQ-BAGHDAD,*,,275,11,
IRELAND-DUBLIN,139.52,99.0,,394,
IRELAND-OTHER,111.62,,,,
"ISRAEL, THE WEST BANK AND GAZA-TEL AVIV",180.38,,,,
ITALY-MILAN,159.59,,333,560,
ITALY-NAPLES,124.11,,315,362,
ITALY-ROME,135.17,,340,548,
ITALY-OTHER,108.13,,,,
JAMAICA-KINGSTON,123.75,114.5,294,312,
JAMAICA-MONTEGO BAY,234.63,,,412,
JAMAICA-OTHER,99,,,,
JAPAN-NAGOYA,"15,450.60",,269,450,
JAPAN-TOKYO,"20,189.40","11,290.5",328,,
JAPAN-OTHER,"16,151.52",,,,
JORDAN-AMMAN,99.33,84.5,233,390,
JORDAN-OTHER,79.46,,,,
KAZAKHSTAN-ALMATY,86.66,"25,036.0",174,316,
KAZAKHSTAN-ASTANA,91,131.0,182,373,
KAZAKHSTAN-OTHER,72.8,,,,
KENYA-NAIROBI,"10,797.60","5,102.5",282,410,
KENYA-OTHER,"8,638.08",,,,
KIRIBATI-TARAWA,*,"167,991.0",,,
KOREA (DEM. PEOPLE'S REPUBLIC OF)-PYONGYANG,*,,,,
KOREA (REPUBLIC OF)-SEOUL,"220,968.00",,,,
KOREA (REPUBLIC OF)-OTHER,"176,774.40",,,,
KOSOVO-PRISTINA,53.99,44.5,,179,
KUWAIT-KUWAIT CITY,46.73,,417,432,
KYRGYZ REPUBLIC-BISHKEK,61.91,,,,
LAOS-VIENTIANE,97.55,"997,108.5",,212,
LAOS-OTHER,78.04,,,,
LATVIA-RIGA,107.65,60.0,206,293,
LATVIA-OTHER,86.12,,,,
LEBANON-BEIRUT,124.48,,,210,
LEBANON-OTHER,99.58,,,,
LESOTHO-MASERU,"1,046.10",,107,215,
LESOTHO-OTHER,836.88,,,,
LIBERIA-MONROVIA,87.36,,303,295,
LIBYA-TRIPOLI,193.31,,216,21,
LIBYA-OTHER,154.65,,,,
LIECHTENSTEIN-VADUZ,179.52,,,,
LITHUANIA-VILNIUS,102.76,,239,330,
LITHUANIA-OTHER,82.21,,,,
LUXEMBOURG-LUXEMBOURG,109.76,123.0,,440,
MACAO-MACAO,"1,309.44",,,,
MACEDONIA – (FORMERLY YUGOSLAV REPUBLIC OF MACEDONIA)-SKOPJE,40.59,,,,
MACEDONIA – (FORMERLY YUGOSLAV REPUBLIC OF MACEDONIA)-OTHER,32.47,,,,
MADAGASCAR-ANTANANARIVO,80.19,"219,663.5",200,237,
MALAWI-LILONGWE,119.33,"19,194.0",186,236,
MALAWI-OTHER,95.46,,,,
MALAYSIA-KUALA LUMPUR,362.6,334.0,225,269,
MALAYSIA-OTHER,290.08,,,,
MALDIVES-MALE,"3,391.08",,340,,
MALI-BAMAKO,"50,490.00","48,629.5",249,255,
MALI-OTHER,"40,392.00",,,,
MALTA-VALLETTA,114.97,74.5,,,
MARSHALL ISLANDS-MAJURO,106,,221,215,
MARTINIQUE-FORT-DE-FRANCE,*,,,,
MAURITANIA-NOUAKCHOTT,"25,132.80",69.0,189,189,
MAURITANIA-OTHER,"20,106.24",,,,
MAURITIUS-PORT LOUIS,"3,834.60","2,160.5",,,
MEXICO-MEXICO CITY,144.8,"1,034.5",354,,
MEXICO-OTHER,115.84,,,,
MICRONESIA-PALIKIR,99.73,,,,
MOLDOVA-CHISINAU,60.92,"1,165.0",120,234,
MONACO-MONTE CARLO,233.71,,,,
MONGOLIA-ULAANBAATAR,55.93,"89,672.5",242,285,
MONGOLIA-OTHER,44.74,,,,
MONTENEGRO-PODGORICA,75.7,49.0,,299,
MONTENEGRO-OTHER,60.56,,,,
MONTSERRAT-PLYMOUTH,*,229.5,,,
MOROCCO-CASABLANCA,"1,135.20","1,305.5",249,297,
MOROCCO-RABAT,831.6,637.0,235,274,
MOROCCO-OTHER,665.28,,,,
MOZAMBIQUE-MAPUTO,"5,933.40","2,924.0",290,330,
MOZAMBIQUE-OTHER,"4,746.72",,,,
NAMIBIA-WINDHOEK,964.92,358.5,215,242,
NAURU-YAREN,*,,,,
NEPAL-KATHMANDU,"10,989.00","5,455.0",178,257,
NEPAL-OTHER,"8,791.20",,,,
NETHERLANDS-AMSTERDAM,156.75,72.0,,407,
NETHERLANDS-THE HAGUE,135.76,117.5,,338,
NETHERLANDS-OTHER,125.4,,,,
NEW CALEDONIA-NOUMEA,"16,882.80",,,,
NEW ZEALAND-AUCKLAND,239.91,180.5,,451,
NEW ZEALAND-WELLINGTON,227.04,191.5,,323,
NEW ZEALAND-OTHER,181.63,,,,
NICARAGUA-MANAGUA,100.52,73.5,205,266,
NICARAGUA-OTHER,80.41,,,,
NIGER-NIAMEY,"56,430.00",,200,205,
NIGER-OTHER,"45,144.00",,,,
NIGERIA-ABUJA,"27,878.40","27,529.0",122,571,
NIGERIA-LAGOS,"32,577.60","23,480.0",91,446,
NIGERIA-OTHER,"22,302.72",,,,
NIUE-ALOFI,*,,,,
NORTHERN IRELAND – UNITED KINGDOM-ALL,96.2,,,,
NORWAY-JATTA / STAVANGER,"1,756.92",,,,
NORWAY-OSLO,"1,510.08",848.0,,292,
NORWAY-TROMSO,"1,509.42",,,,
NORWAY-OTHER,"1,208.06",,,,
OMAN-MUSCAT,58.54,63.0,278,416,
OMAN-OTHER,46.83,,,,
PAKISTAN-ISLAMABAD,"8,025.60",,,125,
PAKISTAN-KARACHI,"7,364.00","4,233.5",199,283,
PAKISTAN-LAHORE,"7,161.00","5,069.5",188,317,
PAKISTAN-OTHER,"6,420.48",,,,
PALAU-KOROR,*,,,340,
PANAMA-PANAMA CITY,136.88,81.0,263,272,
PANAMA-OTHER,109.51,,,,
PAPUA NEW GUINEA-PORT MORESBY,465.96,246.5,352,388,
PAPUA NEW GUINEA-OTHER,372.77,,,,
PARAGUAY-ASUNCIÓN,"329,000.00",,,,
PARAGUAY-OTHER,"263,200.00",,,,
PERU-LIMA,465.96,326.5,240,358,
PERU-OTHER,372.77,,,,
PHILIPPINES-MANILA,"5,603.40","4,345.0",,289,
PHILIPPINES-OTHER,"4,482.72",,,,
PITCAIRN ISLANDS-ADAMSTOWN,*,,,,
POLAND-WARSAW,420.42,393.0,287,278,
POLAND-OTHER,336.34,,,,
PORTUGAL-LISBON,144.14,74.5,396,242,
PORTUGAL-OTHER,115.32,,,,
QATAR-DOHA,766.92,617.5,340,389,
RÉUNION-SAINT-DENIS,*,,,,
ROMANIA-BUCHAREST,103.16,243.0,240,284,
ROMANIA-OTHER,82.53,,,,
RUSSIA-MOSCOW,"9,504.00","5,313.0",,463,
RUSSIA-ST. PETERSBURG,"8,962.80",,,,
RUSSIA-OTHER,"7,603.20",,,,
RWANDA-KIGALI,"69,722.40","39,082.0",185,291,
RWANDA-OTHER,"55,777.92",,,,
SAINT HELENA-JAMESTOWN,*,,,,
SAINT KITTS AND NEVIS-BASSETERRE,157.08,,,,
SAINT LUCIA-CASTRIES,540.54,,,,
SAINT MARTIN-MARIGOT,*,,,,
SAINT-PIERRE-ET-MIQUELON-SAINT-PIERRE,*,,,,
SAINT-VINCENT AND THE GRENADINES-KINGSTOWN,309.8,,,,
SAMOA-APIA,346.43,205.5,,,
SAN MARINO-SAN MARINO,*,,,233,
SAO TOMÉ AND PRINCIPE-SAO TOMÉ,117.48,,,,
SAUDI ARABIA-JEDDAH,502.92,637.0,280,510,
SAUDI ARABIA-RIYADH,649.44,484.5,381,485,
SAUDI ARABIA-OTHER,519.55,,,,
SENEGAL-DAKAR,"58,938.00","48,650.5",284,297,
SENEGAL-OTHER,"47,150.40",,,,
SERBIA-BELGRADE,58.21,"8,090.5",180,290,
SERBIA-OTHER,46.57,,,,
SEYCHELLES-VICTORIA,"2,884.20","1,052.5",,,
SIERRA LEONE-FREETOWN,"634,920.00","375,694.0",268,319,
SIERRA LEONE-OTHER,"507,936.00",,,,
SINGAPORE-SINGAPORE,243.28,218.0,,425,
SINT MAARTEN-PHILLIPSBURG,254.36,,,,
SLOVAKIA-BRATISLAVA,108.83,53.5,,298,
SLOVAKIA-OTHER,87.07,,,,
SLOVENIA-LJUBLJANA,103.29,65.5,,284,
SLOVENIA-OTHER,82.63,,,,
SOLOMON ISLANDS-HONIARA,"1,099.56",709.0,286,,
SOMALIA-MOGADISCIO,*,,,,
SOUTH AFRICA-CAPE TOWN,"1,063.92",456.0,,381,
SOUTH AFRICA-DURBAN,"1,210.44",,251,371,
SOUTH AFRICA-JOHANNESBURG,"1,208.46",,346,418,
SOUTH AFRICA-PRETORIA,803.22,403.5,205,323,
SOUTH AFRICA-OTHER,642.58,,,,
SOUTH SUDAN-JUBA,88.31,355.0,,272,
SOUTH SUDAN-OTHER,70.65,,,,
SPAIN-BARCELONA,133.19,101.5,293,389,
SPAIN-MADRID,143.68,114.5,314,384,
SPAIN-OTHER,114.95,,,,
SRI LANKA-COLOMBO,"12,724.80","4,295.0",214,317,
SRI LANKA-OTHER,"10,179.84",,,,
SUDAN-KHARTOUM,224.07,656.0,165,388,
SUDAN-OTHER,179.26,,,,
SURINAME-PARAMARIBO,129.71,,172,260,
SWAZILAND-MBABANE,"1,026.96",,222,219,
SWEDEN-STOCKHOLM,"1,788.60",917.5,424,403,
SWEDEN-OTHER,"1,430.88",,,,
SWITZERLAND-BERN,184.47,,,461,
SWITZERLAND-DAVOS,179.85,,,539,
SWITZERLAND-GENEVA,207.7,155.5,,498,
SWITZERLAND-ZURICH,209.02,,,575,
SWITZERLAND-OTHER,147.58,,,,
SYRIA-DAMASCUS,17.5,,,344,
SYRIA-OTHER,17.5,,,,
TAIWAN-TAIPEI,"4,956.60","4,210.5",,289,
TAJIKISTAN-DUSHANBE,79.93,601.5,170,325,
TANZANIA-DAR ES SALAAM,130.75,"130,163.5",,309,
TANZANIA-OTHER,104.6,,,,
THAILAND-BANGKOK,"4,007.52","2,965.0",228,241,
THAILAND-OTHER,"3,206.02",,,,
TIMOR-LESTE (FORMERLY EAST TIMOR)-DILI,92.99,,,,
TOGO-LOMÉ,"53,460.00",,,,
TOGO-OTHER,"42,768.00",,,,
TOKELAU-TOKELAU,*,,,,
TONGA-NUKU'ALOFA,230.41,,232,,
TRINIDAD AND TOBAGO-PORT OF SPAIN,"1,013.10","1,284.5",,382,
TRINIDAD AND TOBAGO-TOBAGO,957.66,823.5,,329,
TUNISIA-TUNIS,205.19,146.5,142,207,
TUNISIA-OTHER,164.16,,,,
TURKEY-ANKARA,81.31,239.5,171,356,
TURKEY-ISTANBUL,119,188.0,235,430,
TURKEY-OTHER,65.05,,,,
TURKMENISTAN-ASHGABAT,198.66,143.0,249,282,
GRAND TURK:-COCKBURN TOWN,150.68,,,,
PROVIDENCIALES:-PROVO,170.02,,,,
TUVALU-FUNAFUTI,*,,,,
UGANDA-KAMPALA,"259,512.00",41.5,216,340,
UGANDA-OTHER,"207,609.60",,,,
UKRAINE-KYIV,"2,534.40",554.5,192,374,
UKRAINE-OTHER,"2,027.52",,,,
UNITED ARAB EMIRATES-ABU DHABI,707.52,373.5,370,538,
UNITED ARAB EMIRATES-DUBAI,642.84,614.5,392,553,
UNITED ARAB EMIRATES-OTHER,566.02,,,,
UNITED KINGDOM (INCLUDES NORTHERN IRELAND)-LONDON,120.25,,,,
UNITED KINGDOM (INCLUDES NORTHERN IRELAND)-OTHER,96.2,,,,
"UNITED STATES OF AMERICA (OUTSIDE THE CONTINENTAL USA ONLY: GUAM, HAWAII, NORTHERN MARIANAS, PUERTO RICO AND VIRGIN ISLANDS) - CURRENCY: USDOLLAR (USD)-OUTSIDE CONTINENTAL USA",104.3,,,,
URUGUAY-MONTEVIDEO,194.95,120.5,216,252,
URUGUAY-OTHER,155.96,,,,
UZBEKISTAN-TASHKENT,100.85,79.5,212,279,
VANUATU-PORT VILA,"15,166.80","14,228.5",367,295,
VANUATU-OTHER,"12,133.44",,,,
VENEZUELA-CARACAS,112.6,"1,247.0",146,575,
VENEZUELA-OTHER,90.08,,,,
VIETNAM-HANOI,"2,757,480.00",85.5,168,278,
VIETNAM-HO CHI MINH CITY,"2,563,440.00",97.0,159,306,
VIETNAM-OTHER,"2,205,984.00",,,,
VIRGIN ISLANDS (BRITISH)-ROAD TOWN,134.64,,,,
YEMEN-ADEN,68.38,,,222,
YEMEN-SANA'A,78.54,65.5,,,
YEMEN-OTHER,62.83,,,,
ZAMBIA-LUSAKA,99.66,384.0,246,285,
ZAMBIA-OTHER,79.73,,,,
ZIMBABWE-HARARE,109.23,92.5,188,304,
ZIMBABWE-OTHER,87.38,,,,
AUSTRIA-UNDEFINED,,,,,225
BELGIUM-UNDEFINED,,,,,232
BULGARIA-UNDEFINED,,,,,227
CROATIA-UNDEFINED,,,,,180
CZECH REPUBLIC-UNDEFINED,,,,,230
CYPRUS-UNDEFINED,,,,,238
DENMARK-UNDEFINED,,,,,270
ESTONIA-UNDEFINED,,,,,181
FINLAND-UNDEFINED,,,,,244
FRANCE-UNDEFINED,,,,,245
GERMANY-UNDEFINED,,,,,208
GREECE-UNDEFINED,,,,,222
HUNGARY-UNDEFINED,,,,,222
IRELAND-UNDEFINED,,,,,254
ITALY-UNDEFINED,,,,,230
LATVIA-UNDEFINED,,,,,211
LITHUANIA-UNDEFINED,,,,,183
LUXEMBOURG-UNDEFINED,,,,,237
MALTA-UNDEFINED,,,,,205
NETHERLANDS-UNDEFINED,,,,,263
POLAND-UNDEFINED,,,,,217
PORTUGAL-UNDEFINED,,,,,204
ROMANIA-UNDEFINED,,,,,222
SLOVAK REPUBLIC-UNDEFINED,,,,,205
SLOVENIA-UNDEFINED,,,,,180
SPAIN-UNDEFINED,,,,,212
SWEDEN-UNDEFINED,,,,,257
UNITED KINGDOM-UNDEFINED,,,,,276
AFGHANISTAN-UNDEFINED,,,,,215
ALBANIA-UNDEFINED,,,,,180
ALGERIA-UNDEFINED,,,,,332
AMERICAN SAMOA-UNDEFINED,,,,,225
ANGOLA-UNDEFINED,,,,,378
ANGUILLA-UNDEFINED,,,,,372
ANTIGUA AND BARBUDA-UNDEFINED,,,,,329
ARGENTINA-UNDEFINED,,,,,243
ARMENIA-UNDEFINED,,,,,151
ARUBA-UNDEFINED,,,,,351
AUSTRALIA-UNDEFINED,,,,,329
AZERBAIJAN-UNDEFINED,,,,,293
BAHAMAS-UNDEFINED,,,,,372
BAHRAIN-UNDEFINED,,,,,298
BANGLADESH-UNDEFINED,,,,,140
BARBADOS-UNDEFINED,,,,,406
BELARUS-UNDEFINED,,,,,208
BELIZE-UNDEFINED,,,,,235
BENIN-UNDEFINED,,,,,125
BERMUDA-UNDEFINED,,,,,364
BHUTAN-UNDEFINED,,,,,121
BOLIVIA-UNDEFINED,,,,,176
BOSNIA AND HERZEGOVINA-UNDEFINED,,,,,159
BOTSWANA-UNDEFINED,,,,,261
BRAZIL-UNDEFINED,,,,,182
BRUNEI-UNDEFINED,,,,,166
BURKINA FASO-UNDEFINED,,,,,229
BURUNDI-UNDEFINED,,,,,234
CAMBODIA-UNDEFINED,,,,,170
CAMEROON-UNDEFINED,,,,,219
CANADA-UNDEFINED,,,,,308
CAPE VERDE-UNDEFINED,,,,,181
CAYMAN ISLANDS-UNDEFINED,,,,,328
CENTRAL AFRICAN REPUBLIC-UNDEFINED,,,,,163
CHAD-UNDEFINED,,,,,200
CHILE-UNDEFINED,,,,,242
CHINA-UNDEFINED,,,,,217
COLOMBIA-UNDEFINED,,,,,197
COMOROS-UNDEFINED,,,,,194
CONGO-UNDEFINED,,,,,246
"CONGO, DEM. REP. (RDC)-UNDEFINED",,,,,267
COOK ISLANDS-UNDEFINED,,,,,297
COSTA RICA-UNDEFINED,,,,,200
COTE D'IVOIRE-UNDEFINED,,,,,224
CUBA-UNDEFINED,,,,,254
DJIBOUTI-UNDEFINED,,,,,176
DOMINICA-UNDEFINED,,,,,325
DOMINICAN REPUBLIC-UNDEFINED,,,,,245
ECUADOR-UNDEFINED,,,,,230
EGYPT-UNDEFINED,,,,,266
EL SALVADOR-UNDEFINED,,,,,217
EQUATORIAL GUINEA-UNDEFINED,,,,,241
ERITREA-UNDEFINED,,,,,227
ETHIOPIA-UNDEFINED,,,,,200
FIJI-UNDEFINED,,,,,237
GABON-UNDEFINED,,,,,316
GAMBIA-UNDEFINED,,,,,195
GEORGIA-UNDEFINED,,,,,198
GHANA-UNDEFINED,,,,,376
GRENADA-UNDEFINED,,,,,375
GUAM-UNDEFINED,,,,,361
GUATEMALA-UNDEFINED,,,,,175
GUINEA-UNDEFINED,,,,,247
GUINEA BISSAU-UNDEFINED,,,,,125
GUYANA-UNDEFINED,,,,,222
HAITI-UNDEFINED,,,,,208
HONDURAS-UNDEFINED,,,,,195
HONG KONG-UNDEFINED,,,,,354
ICELAND-UNDEFINED,,,,,349
INDIA-UNDEFINED,,,,,229
INDONESIA-UNDEFINED,,,,,251
IRAN-UNDEFINED,,,,,211
IRAQ-UNDEFINED,,,,,260
ISRAEL-UNDEFINED,,,,,361
JAMAICA-UNDEFINED,,,,,296
JAPAN-UNDEFINED,,,,,289
JORDAN-UNDEFINED,,,,,289
KAZAKHSTAN-UNDEFINED,,,,,258
KENYA-UNDEFINED,,,,,281
KIRIBATI-UNDEFINED,,,,,117
"KOREA, DEM. PEO. OF-UNDEFINED",,,,,165
"KOREA, REPUBLIC OF-UNDEFINED",,,,,402
KUWAIT-UNDEFINED,,,,,341
KYRGYZSTAN-UNDEFINED,,,,,171
"LAOS, PEOPLE'S DEM. REP.-UNDEFINED",,,,,165
LEBANON-UNDEFINED,,,,,260
LESOTHO-UNDEFINED,,,,,103
LIBERIA-UNDEFINED,,,,,277
LIBYAN ARAB JAMAHIRIYA-UNDEFINED,,,,,204
MACAO-UNDEFINED,,,,,230
MACEDONIA (FYROM)-UNDEFINED,,,,,158
MADAGASCAR-UNDEFINED,,,,,189
MALAWI-UNDEFINED,,,,,176
MALAYSIA-UNDEFINED,,,,,187
MALDIVES-UNDEFINED,,,,,321
MALI-UNDEFINED,,,,,227
MARSHALL ISLANDS-UNDEFINED,,,,,179
MAURITANIA-UNDEFINED,,,,,145
MAURITIUS-UNDEFINED,,,,,203
MEXICO-UNDEFINED,,,,,322
MICRONESIA-UNDEFINED,,,,,200
MOLDOVA-UNDEFINED,,,,,139
MONACO-UNDEFINED,,,,,299
MONGOLIA-UNDEFINED,,,,,181
MONTENEGRO-UNDEFINED,,,,,134
MONTSERRAT-UNDEFINED,,,,,217
MOROCCO-UNDEFINED,,,,,203
MOZAMBIQUE-UNDEFINED,,,,,226
MYANMAR-UNDEFINED,,,,,127
NAMIBIA-UNDEFINED,,,,,128
NAURU-UNDEFINED,,,,,197
NEPAL-UNDEFINED,,,,,160
NETHERLANDS ANTILLES-UNDEFINED,,,,,276
NEW ZEALAND-UNDEFINED,,,,,316
NICARAGUA-UNDEFINED,,,,,194
NIGER-UNDEFINED,,,,,213
NIGERIA-UNDEFINED,,,,,227
NIUE-UNDEFINED,,,,,229
NORWAY-UNDEFINED,,,,,275
OMAN-UNDEFINED,,,,,297
PAKISTAN-UNDEFINED,,,,,226
"PALAU, REPUBLIC OF-UNDEFINED",,,,,275
PANAMA-UNDEFINED,,,,,230
PAPUA NEW GUINEA-UNDEFINED,,,,,333
PARAGUAY-UNDEFINED,,,,,235
PERU-UNDEFINED,,,,,227
PHILIPPINES-UNDEFINED,,,,,259
PUERTO RICO-UNDEFINED,,,,,342
QATAR-UNDEFINED,,,,,402
RUSSIAN FEDERATION-UNDEFINED,,,,,251
RWANDA-UNDEFINED,,,,,196
SAMOA-UNDEFINED,,,,,204
SAO TOME & PRINCIPE-UNDEFINED,,,,,175
SAUDI ARABIA-UNDEFINED,,,,,360
SENEGAL-UNDEFINED,,,,,275
SERBIA-UNDEFINED,,,,,158
SEYCHELLES-UNDEFINED,,,,,285
SIERRA LEONE-UNDEFINED,,,,,229
SINGAPORE-UNDEFINED,,,,,364
SOLOMON ISLANDS-UNDEFINED,,,,,253
SOMALIA-UNDEFINED,,,,,190
SOUTH AFRICA-UNDEFINED,,,,,166
SRI LANKA-UNDEFINED,,,,,211
ST. KITTS AND NEVIS-UNDEFINED,,,,,386
ST LUCIA-UNDEFINED,,,,,296
ST. VINCENT AND THE GRENA-UNDEFINED,,,,,253
SUDAN-UNDEFINED,,,,,207
SOUTH SOUDAN-UNDEFINED,,,,,225
SURINAME-UNDEFINED,,,,,174
SWAZILAND-UNDEFINED,,,,,158
SWITZERLAND-UNDEFINED,,,,,348
SYRIAN ARAB REPUBLIC-UNDEFINED,,,,,185
TAJIKISTAN-UNDEFINED,,,,,179
"TANZANIA, UNITED REP. OF-UNDEFINED",,,,,211
THAILAND-UNDEFINED,,,,,209
TIMOR LESTE-UNDEFINED,,,,,151
TOGO-UNDEFINED,,,,,162
TOKELAU ISLANDS-UNDEFINED,,,,,87
TONGA-UNDEFINED,,,,,213
TRINIDAD AND TOBAGO-UNDEFINED,,,,,322
TUNISIA-UNDEFINED,,,,,141
TURKEY-UNDEFINED,,,,,162
TURKEY ISTANBUL-UNDEFINED,,,,,222
TURKMENISTAN-UNDEFINED,,,,,235
TURKS AND CAICOS ISLAND-UNDEFINED,,,,,363
TUVALU-UNDEFINED,,,,,205
UGANDA-UNDEFINED,,,,,204
UKRAINE-UNDEFINED,,,,,290
UNITED ARAB EMIRATES-UNDEFINED,,,,,349
UNITED STATES OF AMERICA-UNDEFINED,,,,,343
URUGUAY-UNDEFINED,,,,,226
UZBEKISTAN-UNDEFINED,,,,,200
VANUATU-UNDEFINED,,,,,338
VENEZUELA-UNDEFINED,,,,,138
VIET NAM-UNDEFINED,,,,,159
VIRGIN ISLANDS (BRITISH)-UNDEFINED,,,,,425
VIRGIN ISLANDS (USA)-UNDEFINED,,,,,425
WEST BANK AND GAZA STRIP-UNDEFINED,,,,,201
YEMEN-UNDEFINED,,,,,142
ZAMBIA-UNDEFINED,,,,,196
ZIMBABWE-UNDEFINED,,,,,199
AFGHANISTAN-KABUL,,53.0,162,33,
AFGHANISTAN-ELSEWHERE,,,96,,
ALBANIA-ELSEWHERE,,,78,,
ALGERIA-ELSEWHERE,,,171,,
ANGOLA-ELSEWHERE,,,159,,
ANGUILLA-ANGUILLA,,150.5,,,
ANGUILLA-ELSEWHERE,,,,,
ANTIGUA AND BARBUDA-ST JOHN'S,,392.5,,,
ANTIGUA AND BARBUDA-ELSEWHERE,,,,,
ARGENTINA-ELSEWHERE,,,108,,
ARMENIA-ELSEWHERE,,,127,,
ASCENSION ISLAND-ASCENSION ISLAND,,,,151,
AUSTRALIA-DARWIN,,157.5,,,
AUSTRALIA-ELSEWHERE,,,238,,
"AUSTRIA-VIENNA (ALSO APPLIES TO GRAZ, BREGENZ, LINZ, KLAGENFURT, SALZBURG, INNSBRUCK)",,89.5,,,
AUSTRIA-ELSEWHERE,,,,,
AZERBAIJAN-ELSEWHERE,,,92,,
BAHAMAS-NASSAU AND ELSEWHERE,,,,,
BAHRAIN-BAHRAIN,,56.5,,377,
BAHRAIN-ELSEWHERE,,,,,
BANGLADESH-ELSEWHERE,,,68,,
BARBADOS-ELSEWHERE,,,,,
BELARUS-ELSEWHERE,,,92,,
BELGIUM-ELSEWHERE,,,,,
BELIZE-BELMOPAN,,85.0,,242,
BELIZE-ELSEWHERE,,,219,,
BENIN-COTONOU AND ELSEWHERE,,,,,
BERMUDA-ELSEWHERE,,,,,
BOLIVIA-COCHABAMBA,,272.5,110,134,
BOLIVIA-ELSEWHERE,,63.0,87,,
BOTSWANA-ELSEWHERE,,,146,,
BRAZIL-ELSEWHERE,,,131,,
BRITISH VIRGIN ISLANDS-TORTOLA,,104.5,,,
BRUNEI-BANDAR SERI BEGAWAN,,134.5,,290,
BRUNEI-ELSEWHERE,,,,,
BULGARIA-ELSEWHERE,,63.5,78,,
BURKINA FASO-OUAGADOUGOU AND ELSEWHERE,,,,,
BURUNDI-ELSEWHERE,,,61,,
CAMBODIA-ELSEWHERE,,,57,,
CAMEROON-YAOUNDE,,"56,349.0",226,295,
CAMEROON-ELSEWHERE,,,127,,
"CANADA-CALGARY, ALBERTA",,179.5,,,
"CANADA-EDMONTON, ALBERTA",,99.5,,,
"CANADA-HALIFAX, NOVA SCOTIA",,123.0,,,
"CANADA-MONTREAL, QUEBEC",,156.5,,,
"CANADA-OTTAWA, ONTARIO",,156.5,,,
"CANADA-QUEBEC CITY, QUEBEC",,164.5,,,
"CANADA-REGINA, SASKATCHEWAN",,107.0,,283,
"CANADA-SASKATOON, SASKATCHEWAN",,117.5,,278,
"CANADA-ST JOHN'S, NEW FOUNDLAND",,148.5,,,
"CANADA-TORONTO, ONTARIO",,151.5,,,
"CANADA-VANCOUVER, BRITISH COLUMBIA",,114.5,,,
"CANADA-VICTORIA, BRITISH COLUMBIA",,126.0,,,
"CANADA-WINNIPEG, MANITOBA",,160.0,,,
"CANADA-YELLOWKNIFE, NW TERRITORIES",,108.5,,,
CANADA-ELSEWHERE,,,214,,
CAPE VERDE-PRAIA AND ELSEWHERE,,,,,
CAYMAN ISLANDS-GRAND CAYMAN,,118.5,,,
CAYMAN ISLANDS-ELSEWHERE,,,,,
CHAD-N'DJAMENA AND ELSEWHERE,,,,,
CHILE-ELSEWHERE,,,239,,
CHINA-CHONGQING,,605.5,,240,
CHINA-GUANGZHOU,,605.5,220,415,
CHINA-ELSEWHERE,,,143,,
COLOMBIA-BOGOTA,,"140,054.0",158,382,
COLOMBIA-MEDELLIN,,"132,641.0",145,262,
COLOMBIA-ELSEWHERE,,107.0,89,,
COOK ISLANDS-RAROTONGA,,135.5,314,331,
COSTA RICA-SAN JOSE,,88.5,212,256,
COSTA RICA-ELSEWHERE,,,169,,
CROATIA-SPLIT,,371.0,,350,
CROATIA-ELSEWHERE,,,,,
CUBA-ELSEWHERE,,,141,,
CYPRUS-ELSEWHERE,,,211,,
CZECH REPUBLIC-ELSEWHERE,,,76,,
DENMARK-ELSEWHERE,,,,,
DJIBOUTI-ELSEWHERE,,,115,,
DOMINICA-ELSEWHERE,,,,,
DOMINICAN REPUBLIC-ELSEWHERE,,,63,,
EAST TIMOR-DILI AND ELSEWHERE,,,,,
ECUADOR-ELSEWHERE,,,132,,
EGYPT-ALEXANDRIA,,445.0,228,230,
EGYPT-ELSEWHERE,,,162,,
EL SALVADOR-ELSEWHERE,,,125,,
EQUATORIAL GUINEA-MALABO,,"100,391.0",247,299,
ESTONIA-ELSEWHERE,,,277,,
ETHIOPIA-ELSEWHERE,,,83,,
FALKLAND ISLANDS-ELSEWHERE,,,,,
FIJI-NADI,,196.5,185,287,
FIJI-ELSEWHERE,,,149,,
FINLAND-ELSEWHERE,,82.0,308,,
FRANCE-BORDEAUX,,135.0,,366,
FRANCE-LILLE,,84.5,,,
FRANCE-LYON,,79.5,,373,
FRANCE-MARSEILLES,,92.5,,,
FRANCE-STRASBOURG,,80.5,,408,
FRANCE-ELSEWHERE,,"13,411.0",342,,
GAMBIA-BANJUL,,"1,860.5",194,,
GAMBIA-ELSEWHERE,,,42,,
GEORGIA-ELSEWHERE,,,,,
GERMANY-DUSSELDORF,,66.0,,,
GERMANY-ELSEWHERE,,,280,,
GHANA-ELSEWHERE,,,260,,
GIBRALTAR-ELSEWHERE,,,,,
GREECE-CORFU,,82.5,,,
GREECE-CRETE,,60.0,,,
GREECE-RHODES,,63.5,,,
GREECE-THESSALONKI,,86.5,,,
GREECE-ELSEWHERE,,,163,,
GRENADA-ST GEORGE'S,,255.0,,,
GRENADA-ELSEWHERE,,,,,
GUATEMALA-ELSEWHERE,,,81,,
GUINEA-ELSEWHERE,,,116,,
GUINEA BISSAU-BISSAU AND ELSEWHE,,,,,
GUYANA-ELSEWHERE,,,130,,
HAITI-PORT AU PRINCE,,67.5,,,
HAITI-ELSEWHERE,,,128,,
HONDURAS-SAN PEDRO SULA,,93.0,189,285,
HONDURAS-ELSEWHERE,,,102,,
HONG KONG-ELSEWHERE,,,,,
HUNGARY-ELSEWHERE,,,130,,
ICELAND-ELSEWHERE,,,,,
INDIA-AHMEDABAD,,"2,753.0",,,
INDIA-CHENNAI (MADRAS),,"5,917.0",,,
INDIA-HYDERABAD,,"5,070.5",193,345,
INDIA-JALANDHAR,,"3,650.5",,,
INDIA-KOLKATA (CALCUTTA),,"5,650.0",,,
INDIA-LUDHIANA,,"3,198.5",,,
INDIA-NASHIK,,"2,777.5",,,
INDIA-PUNE,,"4,016.0",,345,
INDIA-ELSEWHERE,,,185,,
INDONESIA-SEMARANG,,"585,476.5",,,
INDONESIA-ELSEWHERE,,,102,,
IRAN-ELSEWHERE,,,111,,
IRAQ-BAGHDAD AND ELSEWHERE,,,,,
IRELAND-ELSEWHERE,,95.0,,,
"ITALY-BOLOGNA, FLORENCE, GENOA, MILAN, TURIN AND VENICE",,96.5,,,
ITALY-ROME AND NAPLES,,90.0,,,
ITALY-ELSEWHERE,,,178,,
JAMAICA-ELSEWHERE,,,,,
JAPAN-OSAKA,,"11,474.0",265,,
JAPAN-ELSEWHERE,,,213,,
JORDAN-AQABA,,65.5,,251,
JORDAN-PETRA,,65.5,,301,
JORDAN-ELSEWHERE,,,82,,
KAZAKHSTAN-ATYRAU,,"16,227.5",140,,
KAZAKHSTAN-ELSEWHERE,,,116,,
KENYA-MOMBASA,,"5,190.0",169,271,
KENYA-ELSEWHERE,,,176,,
KOSOVO-ELSEWHERE,,,,,
KUWAIT-KUWAIT,,36.5,,,
KUWAIT-ELSEWHERE,,,,,
KYRGYZSTAN-BISHKEK,,82.5,196,311,
KYRGYZSTAN-ELSEWHERE,,,56,,
LAOS-ELSEWHERE,,,,,
LATVIA-ELSEWHERE,,,153,,
LEBANON-BEIRUT AND ELSEWHERE,,,,,
LESOTHO-MASERU AND ELSEWHERE,,,,,
LIBYA-TRIPOLI AND ELSEWHERE,,,,,
LITHUANIA-VILINIUS,,256.0,,,
LITHUANIA-ELSEWHERE,,,161,,
LUXEMBOURG-ELSEWHERE,,,,,
MACAU SAR-MACAO,,"1,089.5",,,
MACAU SAR-ELSEWHERE,,,,,
MACEDONIA-SKOPJE,,"1,901.5",,233,
MACEDONIA-OHRID AND ELSEWHERE,,"1,513.5",,,
MADAGASCAR-ELSEWHERE,,,63,,
MALAWI-ELSEWHERE,,,133,,
MALAYSIA-ELSEWHERE,,,151,,
MALDIVES-MALE AND ELSEWHERE,,,,,
MALI-ELSEWHERE,,,135,,
MALTA-GOZO,,,,,
MALTA-ELSEWHERE,,,,,
MARSHALL ISLANDS-MAJURO AND ELSEWHERE,,,,,
MAURITIUS-ELSEWHERE,,,,,
MEXICO-ELSEWHERE,,,120,,
MOLDOVA-ELSEWHERE,,,91,,
MONACO-MONACO,,,,594,
MONGOLIA-ELSEWHERE,,,103,,
MONTSERRAT-ELSEWHERE,,,,,
MOROCCO-AGADIR,,648.5,159,220,
MOROCCO-FES,,553.5,160,320,
MOROCCO-MARRAKECH,,689.5,,297,
MOROCCO-TANGIER,,720.5,,261,
MOROCCO-ELSEWHERE,,,155,,
MOZAMBIQUE-ELSEWHERE,,59.5,166,,
NAMIBIA-ELSEWHERE,,,101,,
NAURU-NAURU,,,,249,
NEPAL-ELSEWHERE,,,43,,
NETHERLANDS-ELSEWHERE,,,,,
NETHERLANDS ANTILLES-ARUBA AND ELSEWHERE,,,,,
NEW CALEDONIA-NOUMEA AND ELSEWHERE,,,,,
NEW ZEALAND-CHRISTCHURCH,,147.5,,317,
NEW ZEALAND-ELSEWHERE,,,285,,
NICARAGUA-ELSEWHERE,,,121,,
NIGER-NIAMEY AND ELSEWHERE,,,,,
NIGERIA-PORT HARCOURT,,"19,852.0",79,449,
NIGERIA-ELSEWHERE,,,50,,
NORWAY-BERGEN,,"1,176.0",,,
NORWAY-STAVANGER,,"1,085.0",,411,
NORWAY-ELSEWHERE,,,,,
OCCUPIED TERRITORIES-JERUSALEM,,100.5,,,
OCCUPIED TERRITORIES-ELSEWHERE,,,,,
OMAN-ELSEWHERE,,,252,,
PAKISTAN-PESHAWAR,,"3,348.5",,198,
PAKISTAN-QUETTA,,"3,599.5",,259,
PAKISTAN-ELSEWHERE,,,90,,
PANAMA-ELSEWHERE,,,186,,
PAPUA NEW GUINEA-ELSEWHERE,,,148,,
PARAGUAY-ASUNCION AND ELSEWHERE,,,,,
PERU-ELSEWHERE,,,126,,
PHILIPPINES-CEBU,,"3,033.0",,185,
PHILIPPINES-ELSEWHERE,,,91,,
POLAND-ELSEWHERE,,,215,,
PORTUGAL-AZORES,,49.5,,,
PORTUGAL-FUNCHAL (MADEIRA),,65.0,,,
PORTUGAL-OPORTO,,93.0,,207,
PORTUGAL-PORTIMAO,,52.5,,,
PORTUGAL-ELSEWHERE,,,161,,
QATAR-ELSEWHERE,,,,,
ROMANIA-ELSEWHERE,,,142,,
RUSSIA-EKATERINBURG,,"2,559.5",,,
RUSSIA-ST PETERSBURG,,"5,451.5",,,
RUSSIA-ELSEWHERE,,,,,
RWANDA-ELSEWHERE,,,83,,
SAMOA-ELSEWHERE,,,122,,
SAUDI ARABIA-AL KHOBAR,,374.5,,,
SAUDI ARABIA-ELSEWHERE,,,320,,
SENEGAL-ELSEWHERE,,,131,,
SERBIA-ELSEWHERE,,,101,,
SEYCHELLES-ELSEWHERE,,,,,
SIERRA LEONE-ELSEWHERE,,,92,,
SINGAPORE-ELSEWHERE,,,,,
SLOVAKIA-KOSICE,,42.5,,,
SLOVENIA-ELSEWHERE,,,,,
SOLOMON ISLANDS-ELSEWHERE,,,159,,
SOUTH AFRICA-ELSEWHERE,,,129,,
SPAIN-ELSEWHERE,,,233,,
SRI LANKA-ELSEWHERE,,,127,,
ST HELENA-ST HELENA,,,,,
ST KITTS AND NEVIS-BASSETERRE,,250.0,,,
ST LUCIA-CASTRIES,,216.5,,,
ST LUCIA-ELSEWHERE,,,,,
ST VINCENT-KINGSTOWN,,231.0,,,
ST VINCENT-ELSEWHERE,,,,,
SUDAN-ELSEWHERE,,,117,,
SURINAM-PARAMARIBO,,70.5,,,
SURINAM-ELSEWHERE,,,,,
SWAZILAND-MBABANE AND ELSEWHERE,,,,,
SWEDEN-ELSEWHERE,,,324,,
SWITZERLAND-BERNE,,118.0,,,
SWITZERLAND-ELSEWHERE,,,,,
SYRIA-DAMASCUS AND ELSEWHERE,,,,,
TAIWAN-ELSEWHERE,,,,,
TAJIKISTAN-ELSEWHERE,,,51,,
TANZANIA-ZANZIBAR,,"104,040.5",,287,
TANZANIA-ELSEWHERE,,,,,
THAILAND-ELSEWHERE,,"2,019.5",82,,
TRISTAN DA CUNHA-TRISTAN DA CUNHA,,,,,
TOGO-LOME AND ELSEWHERE,,,,,
TONGA-NUKU ALOFA,,223.0,,,
TONGA-ELSEWHERE,,,66,,
TUNISIA-ELSEWHERE,,,110,,
TURKEY-IZMIR,,194.0,191,,
TURKEY-ELSEWHERE,,,124,,
TURKMENISTAN-ELSEWHERE,,,,,
TURKS & CAICOS ISLANDS-GRAND TURK,,101.0,384,,
TURKS & CAICOS ISLANDS-PROVIDENCIALES,,121.5,,,
TURKS & CAICOS ISLANDS-ELSEWHERE,,,,,
TUVALU-FONGAFALE,,,,,
UGANDA-ELSEWHERE,,,63,,
UKRAINE-ELSEWHERE,,,68,,
UNITED ARAB EMIRATES-ELSEWHERE,,,376,,
UNITED STATES OF AMERICA-ATLANTA,,98.5,,,
UNITED STATES OF AMERICA-ATLANTA ELSEWHERE,,98.5,,,
UNITED STATES OF AMERICA-BOSTON,,97.5,,,
UNITED STATES OF AMERICA-BOSTON ELSEWHERE,,72.0,,,
UNITED STATES OF AMERICA-CHICAGO,,112.5,,,
UNITED STATES OF AMERICA-CHICAGO ELSEWHERE,,112.5,,,
UNITED STATES OF AMERICA-HOUSTON,,88.0,,,
UNITED STATES OF AMERICA-HOUSTON ELSEWHERE,,88.0,,,
UNITED STATES OF AMERICA-LOS ANGELES,,93.0,,,
UNITED STATES OF AMERICA-LOS ANGELES ELSEWHERE,,93.0,,,
UNITED STATES OF AMERICA-MIAMI,,98.5,,,
UNITED STATES OF AMERICA-NEW YORK,,102.5,,,
UNITED STATES OF AMERICA-NEW YORK ELSEWHERE,,102.5,,,
UNITED STATES OF AMERICA-SAN FRANCISCO,,99.5,,,
UNITED STATES OF AMERICA-SAN FRANCISCO ELSEWHERE,,99.5,,,
UNITED STATES OF AMERICA-SEATTLE,,81.0,,,
UNITED STATES OF AMERICA-WASHINGTON,,91.5,,,
UNITED STATES OF AMERICA-WASHINGTON ELSEWHERE,,91.5,,,
URUGUAY-ELSEWHERE,,,169,,
UZBEKISTAN-ELSEWHERE,,,76,,
VANUATU-ELSEWHERE,,,113,,
VENEZUELA-VALENCIA,,"1,438.0",,505,
VENEZUELA-ELSEWHERE,,"1,513.5",47,,
VIETNAM-ELSEWHERE,,,69,,
YEMEN-ELSEWHERE,,,,,
ZAMBIA-ELSEWHERE,,,128,,
AFGHANISTAN-KABUL (KABUL SERENA),,,290,,
ALBANIA-TIRANA (ROGNER),,,165,,
ALBANIA-TIRANA (SHERATON),,,193,,
"ALBANIA-DURRES (ADRIATIC, HOTEL PALACE)",,,200,,
ALBANIA-KORCA (LIFE GALLERY HOTEL),,,116,,
"ALBANIA-SARANDA (BUTRINTI, DEMI HOTEL)",,,139,,
ALBANIA-SHKODRA,,,133,,
ALBANIA-VLORE,,,106,,
"ALGERIA-ALGIERS (EL-AURASSI, EL-DJAZAIR, MERCURE)",,,356,,
"ALGERIA-ALGIERS (HILTON, SHERATON)",,,456,,
ALGERIA-ALGIERS (SOFITEL),,,420,,
ALGERIA-ADRAR,,,176,,
ALGERIA-ANNABA (GOLDEN TULIP SABRI),,,201,,
ALGERIA-ANNABA (SHERATON),,,425,,
ALGERIA-CONSTANTINE (MARRIOTT),,,321,,
ALGERIA-CONSTANTINE (NOVOTEL),,,208,,
ALGERIA-ORAN,,,178,,
ALGERIA-ORAN (HOTEL ROYAL),,,307,,
ALGERIA-ORAN (LE MERIDIEN),,,333,,
ALGERIA-ORAN (SHERATON),,,281,,
ALGERIA-SETIF (NOVOTEL),,,262,,
ALGERIA-TAMANRASSET,,,159,,
AMERICAN SAMOA-ALL AREAS,,,238,,
"ANGOLA-LUANDA (BAIA, PRESIDENTE, TROPICO)",,,455,,
ANGOLA-LUANDA (SKYNA),,,530,,
ANGOLA-BENGUELA,,,200,,
ANGOLA-CABINDA,,,251,,
ANGOLA-DUNDU,,,262,,
ANGOLA-HUAMBO,,,175,,
ANGOLA-LOBITO,,,272,,
ANGOLA-LUBANGO,,,190,,
ANGOLA-LUENA,,,175,,
ANGOLA-MALANGE,,,185,,
ANGOLA-NDALATANDO,,,178,,
ANGOLA-UIGE,,,175,,
ANGUILLA-ALL  AREAS (15 DEC. - 14 APR.),,,610,,
ANGUILLA-ALL AREAS  (15 APR. - 14 DEC.),,,426,,
ANTIGUA AND BARBUDA-ALL  AREAS (1 APR. - 30 NOV.),,,337,,
ANTIGUA AND BARBUDA-ALL  AREAS (1 DEC. - 31 MAR.),,,359,,
ARGENTINA-BAHIA BLANCA & MAR DEL PLATA,,,178,,
ARGENTINA-BARILOCHE (EDELWEISS),,,222,,
ARGENTINA-COMODORO RIVADAVIA,,,151,,
ARGENTINA-CORDOBA,,,131,,
ARGENTINA-FORMOSA,,,162,,
ARGENTINA-LA RIOJA,,,124,,
ARGENTINA-MENDOZA,,,175,287,
ARGENTINA-NEUQUEN,,,182,,
ARGENTINA-RESISTENCIA & RIO GALLEGOS,,,143,,
ARGENTINA-SALTA,,,156,,
ARGENTINA-SAN JUAN & SAN SALVADOR DE JUJUY,,,139,,
ARGENTINA-USHUAIA,,,200,,
ARUBA-ALL AREAS (15 APR. - 15 DEC.),,,295,,
ARUBA-ALL AREAS (16 DEC. - 14 APR.),,,396,,
"AUSTRALIA-CANBERRA, MELBOURNE & SYDNEY",,,354,,
AUSTRIA-ALL AREAS,,,301,,
AZERBAIJAN-BAKU (FOUR SEASONS),,,332,,
AZERBAIJAN-BAKU (JV ABSHERON MARRIOTT),,,256,,
AZERBAIJAN-TABRIZ (NAKHICHEVAN),,,121,,
BAHAMAS-ALL AREAS (20 DEC.-20 APR.),,,447,,
BAHAMAS-ALL AREAS (21 APR.-19 DEC.),,,434,,
BAHRAIN-MANAMA (MOVENPICK),,,382,,
"BANGLADESH-DHAKA (AMARI, LAKE SHORE, PAN PACIFIC SONARGAON)",,,304,,
"BANGLADESH-DHAKA (LE MERIDIEN, SARINA, SIX SEASONS)",,,278,,
BANGLADESH-DHAKA (LONGBEACH SUITES),,,195,,
"BANGLADESH-DHAKA (RADISSON WATER GARDEN, WESTIN)",,,339,,
BANGLADESH-CHITTAGONG,,,67,171,
BANGLADESH-CHITTAGONG (AGRABAD AND PENINSULA),,,109,,
BANGLADESH-CHITTAGONG (RADISSON BLU),,,175,,
BANGLADESH-COX'S BAZAAR,,,81,,
"BANGLADESH-COX'S BAZAAR (OCEAN PARADISE, ROYAL TULIP SEA PEARL, SAYEMAN)",,,97,,
"BANGLADESH-SYLHET (GRAND SULTAN, THE PALACE)",,,202,,
BANGLADESH-SYLHET (NAZIMGARH RESORT),,,138,,
BARBADOS-ALL AREAS (16 APR. - 15 DEC.),,,425,,
BARBADOS-ALL AREAS (16 DEC. - 15 APR.),,,475,,
BELARUS-BREST,,,189,,
BELARUS-HOMIEL,,,148,,
BELARUS-HRODNA (NON-RESIDENTS),,,195,,
BELARUS-HRODNA (RESIDENTS),,,185,,
BELARUS-MAHILIOU,,,131,,
BELARUS-VICIEBSK,,,118,,
BELGIUM-ALL AREAS,,,387,,
BELIZE-PLACENCIA (LARU BEYA RESORT) 1 DEC- 31 JAN,,,410,,
BELIZE-PLACENCIA (LARU BEYA RESORT) 1 JUN - 30 NOV,,,310,,
BELIZE-PLACENCIA (LARU BEYA RESORT) 1-31 MAY,,,330,,
BELIZE-PLACENCIA (ROBERTS GROVE) 1 DEC-31 JAN,,,410,,
BELIZE-PLACENCIA (ROBERTS GROVE) 1 FEB - 30 APR,,,415,,
BELIZE-PLACENCIA (ROBERTS GROVE) 1 JUN - 30 NOV,,,310,,
BELIZE-PLACENCIA (ROBERTS GROVE) 1-31 MAY,,,330,,
BELIZE-SAN PEDRO (THE VILLAS AT BANYAN BAY) 1 JANUARY - 30 APRIL,,,530,,
BELIZE-SAN PEDRO (THE VILLAS AT BANYAN BAY) 1 MAY - 31 DECEMBER,,,455,,
BENIN-COTONOU (GOLDEN TULIP DE DIPLOMATE),,,340,,
BENIN-COTONOU (LA MAISON ROUGE),,,292,,
BENIN-GRAND POPO,,,149,,
BENIN-LOKOSSA,,,127,,
BENIN-MALANVILLE,,,111,,
BENIN-OUIDAH (CASA DEL PAPA),,,194,,
BENIN-PARAKOU,,,120,,
BENIN-PORTO NOVO,,,143,,
BENIN-PORTO NOVO (LES AMBASSADEURS),,,209,,
BENIN-POSSOTOME,,,164,,
BENIN-ELSEWHERE,,,107,,
BERMUDA-ALL AREAS (1 DEC. - 14 MAR.),,,459,,
BERMUDA-ALL AREAS (15 MAR. - 30 NOV.),,,510,,
BHUTAN-THIMPHU (LE MERIDIEN),,,297,,
BHUTAN-THIMPHU (TAJ TASHI),,,453,,
BHUTAN-PARO,,,96,,
BHUTAN-PHUENTSHOLING,,,90,,
BHUTAN-ELSEWHERE,,,95,,
BOSNIA AND HERZEGOVINA-BANJA LUKA,,,110,,
BOSNIA AND HERZEGOVINA-MOSTAR,,,120,,
"BOSNIA AND HERZEGOVINA-SARAJEVO (BRISTOL, CENTRAL, EUROPE, MARRIOTT COURTYARD)",,,155,,
BOSNIA AND HERZEGOVINA-TRAVNIK,,,85,,
BOSNIA AND HERZEGOVINA-ELSEWHERE,,,90,,
"BOTSWANA-FRANCISTOWN (MARANG, THAPAMA LODGE)",,,226,,
BOTSWANA-KASANE,,,287,287,
"BOTSWANA-KASANE (CHOBE MARINA LODGE, CHOBE SAFARI LODGE, MOWANA LODGE) RESIDENT",,,243,,
BOTSWANA-MAHALAPYE,,,181,,
BOTSWANA-MAUN,,,214,248,
BOTSWANA-NATA,,,170,,
BOTSWANA-PALAPYE,,,209,,
BOTSWANA-SELEBI-PHIKWE,,,183,,
BOTSWANA-SHAKAWE,,,281,,
BRAZIL-CAMPINAS,,,170,,
BRAZIL-CURITIBA,,,150,,
BRAZIL-FORTALEZA,,,143,324,
BRAZIL-PALMAS,,,143,,
BRAZIL-PORTO ALLEGRE,,,164,,
BRAZIL-RECIFE,,,154,,
BRITISH VIRGIN ISLANDS-ALL AREAS (15 DEC. - 15 APR.),,,464,,
BRITISH VIRGIN ISLANDS-ALL AREAS (16 APR. -14 DEC.),,,422,,
BRUNEI-ALL AREAS,,,187,,
"BULGARIA-SOFIA (HILTON, ARENA DI SERDIKA)",,,262,,
"BULGARIA-BURGAS, PLOVDIV, STARA ZAGORA, VARNA",,,104,,
BURKINA FASO-OUAGADOUGOU (LAICO OUAGA 2000),,,415,,
BURKINA FASO-BOBO-DIOULASSO,,,135,,
BURKINA FASO-ELSEWHERE,,,108,,
BURUNDI-GITEGA AND NGOZI,,,94,,
BURUNDI-RUMONGE,,,221,,
CAMBODIA-PHNOM PENH (HIMAWARI),,,292,,
"CAMBODIA-PHNOM PENH (INTERCONTINENTAL, RAFFLES LE ROYAL, SOFITEL PHNOM PENH PHOKEETHRA)",,,303,,
CAMBODIA-PHNOM PENH (SOKHA PHNOM PENH),,,228,,
CAMBODIA-SIEM REAP,,,132,251,
CAMBODIA-SIEM REAP (SOFITEL PHOKEETHRA ROYAL ANGKOR),,,348,,
"CAMBODIA-SIEM REAP (SOKHA, VICTORIA ANGKOR)",,,189,,
CAMBODIA-SIHANOUKVILLE,,,116,256,
"CAMBODIA-SIHANOUKVILLE (INDEPENDENCE, PALM PALACE)",,,135,,
CAMBODIA-SIHANOUKVILLE (SOKHA BEACH),,,233,,
CAMEROON-YAOUNDE (HOTEL HILTON),,,366,,
CANADA-OTTAWA,,,351,326,
CANADA-CALGARY,,,251,377,
CANADA-HALIFAX,,,266,329,
CANADA-MONTREAL,,,278,295,
CANADA-TORONTO,,,350,274,
CANADA-VANCOUVER,,,289,316,
CANARY ISLANDS-ALL AREAS,,,209,,
CAPE VERDE-BOA VISTA ISLAND,,,239,,
CAPE VERDE-MINDELO,,,185,,
CAPE VERDE-SANTA MARIA (SAL),,,266,,
CAPE VERDE-ELSEWHERE,,,141,,
CAYMAN ISLANDS-ALL AREAS (1 DEC. - 30 APR.),,,388,,
CAYMAN ISLANDS-ALL AREAS (1 MAY - 30 NOV.),,,307,,
CENTRAL AFRICAN REP.-BANGUI,,,213,,
CENTRAL AFRICAN REP.-BANGUI (LEDGER PLAZA),,,340,,
CENTRAL AFRICAN REP.-BOALI,,,119,,
CENTRAL AFRICAN REP.-ELSEWHERE,,,95,,
"CHAD-N'DJAMÉNA (HILTON, LA RESIDENCE, RADISSON BLU)",,,284,,
CHAD-ELSEWHERE,,,133,,
CHINA-CHANGSHA,,,168,,
CHINA-CHENGDU,,,218,235,
CHINA-DALIAN,,,199,274,
CHINA-FUZHOU,,,222,298,
CHINA-HAIKOU,,,245,301,
CHINA-HANGZHOU,,,215,293,
CHINA-JINAN,,,172,206,
CHINA-KUNMING,,,229,,
CHINA-LHASA,,,219,321,
CHINA-NANJING,,,163,220,
CHINA-NANNING,,,180,250,
CHINA-QUINGDAO,,,208,,
CHINA-SANYA,,,198,272,
CHINA-SHENYANG,,,193,300,
CHINA-SUZHOU,,,184,265,
CHINA-TIANJIN,,,186,243,
CHINA-WU HAN,,,170,,
CHINA-XI'AN,,,203,,
CHINA-XIAMEN,,,182,288,
"CHINA, HONG KONG-HONG KONG (SAR)",,,372,,
"CHINA, MACAU-MACAU (SAR)",,,241,,
COLOMBIA-BARRANQUILLA,,,118,224,
COLOMBIA-BUCARAMANGA,,,122,,
COLOMBIA-BUENAVENTURA,,,107,219,
COLOMBIA-CUCUTA,,,114,,
COLOMBIA-MONTERIA,,,81,,
COLOMBIA-NEIVA,,,92,,
COLOMBIA-PAIPA,,,132,,
COLOMBIA-RIOHACHA,,,97,,
COLOMBIA-SAN ANDRES,,,140,250,
COLOMBIA-SANTA MARTA,,,123,249,
COLOMBIA-VILLA DE LEYVA,,,128,,
COLOMBIA-VILLAVICENCIO,,,86,,
COMOROS-ELSEWHERE,,,143,,
"CONGO-BRAZZAVILLE (HOTEL LEDGER, OLYMPIC PALACE, RADISSON BLU)",,,477,,
CONGO-DOLISIE,,,239,,
CONGO-OLLOMBO (ALIMA PALACE),,,520,,
CONGO-OWANDO,,,176,,
CONGO-POINTE-NOIRE,,,344,,
CONGO-ELSEWHERE,,,150,,
"CONGO, DEM. REP.-KINSHASA",,,283,,
"CONGO, DEM. REP.-KINSHASA (FLEUEVE CONGO, PULLMAN GRAND, MEMLING)",,,410,,
"CONGO, DEM. REP.-BANDUNDU",,,144,,
"CONGO, DEM. REP.-BOMA",,,166,,
"CONGO, DEM. REP.-BUKAVU",,,205,,
"CONGO, DEM. REP.-BUNIA",,,150,,
"CONGO, DEM. REP.-GOMA",,,205,,
"CONGO, DEM. REP.-KANANGA",,,154,,
"CONGO, DEM. REP.-KINDU",,,178,,
"CONGO, DEM. REP.-KISANGANI",,,161,,
"CONGO, DEM. REP.-LUBUMBASHI",,,214,,
"CONGO, DEM. REP.-MATADI",,,183,,
"CONGO, DEM. REP.-MBANDAKA",,,150,,
"CONGO, DEM. REP.-MBUJI-MAYI",,,158,,
"CONGO, DEM. REP.-ZONGO (SELI SAFARI ZONGO)",,,253,,
"CONGO, DEM. REP.-ELSEWHERE",,,141,,
COOK ISLANDS-ELSEWHERE,,,251,,
COSTA RICA-GUANACASTE,,,238,,
COSTA RICA-LIMON,,,220,,
COSTA RICA-PUNTARENAS,,,245,,
COTE D IVOIRE-ABIDJAN,,,200,,
COTE D IVOIRE-ABIDJAN (AZALAI),,,318,,
"COTE D IVOIRE-ABIDJAN (NOVOTEL, PULLMAN, TIAMA)",,,348,,
COTE D IVOIRE-ABIDJAN (RADISSON BLU),,,500,,
COTE D IVOIRE-ABIDJAN (SOFITEL HOTEL IVOIRE),,,430,,
COTE D IVOIRE-ASSINIE,,,213,,
COTE D IVOIRE-ASSINIE (COUCOUE LODGE),,,376,,
COTE D IVOIRE-GRAND BASSAM,,,139,,
COTE D IVOIRE-GRAND BASSAM (AFRIKALAND),,,280,,
COTE D IVOIRE-SAN PEDRO (SOPHIA),,,165,,
COTE D IVOIRE-YAMOUSSOKRO (HP RESORT),,,183,,
COTE D IVOIRE-YAMOUSSOKRO (PRESIDENT),,,224,,
COTE D IVOIRE-ELSEWHERE,,,101,,
"CROATIA, REPUBLIC OF-ZAGREB",,,175,,
"CROATIA, REPUBLIC OF-ZAGREB (ESPLANADE, SHERATON, WESTIN)",,,302,,
"CROATIA, REPUBLIC OF-BRIJUNI",,,215,,
"CROATIA, REPUBLIC OF-DUBROVNIK",,,244,,
"CROATIA, REPUBLIC OF-OPATIJA",,,204,,
"CROATIA, REPUBLIC OF-SPLIT",,,230,,
"CROATIA, REPUBLIC OF-ZADAR",,,226,,
"CROATIA, REPUBLIC OF-ELSEWHERE",,,139,,
CUBA-CIENFUEGOS,,,163,,
CUBA-SANTIAGO DE CUBA,,,180,,
CUBA-VARADERO,,,209,,
CURACAO-ALL AREAS (15 APRIL - 15 DECEMBER),,,288,,
CURACAO-ALL AREAS (16 DECEMBER - 14 APRIL),,,322,,
CZECH REPUBLIC-BRNO,,,210,278,
CZECH REPUBLIC-CESKY KRUMLOV,,,222,,
CZECH REPUBLIC-KARLOVY VARY,,,243,,
CZECH REPUBLIC-OLOMOUC,,,99,,
CZECH REPUBLIC-OSTRAVA,,,151,,
DENMARK-ALL AREAS,,,407,,
DJIBOUTI-DJIBOUTI (BAVARIA LES ACACIAS),,,277,,
DJIBOUTI-DJIBOUTI (DJIBOUTI PALACE KEMPINSKI),,,398,,
DJIBOUTI-DJIBOUTI (SHERATON),,,294,,
DJIBOUTI-TADJOURAH,,,124,,
DOMINICA-ALL AREAS,,,393,,
DOMINICAN REPUBLIC-BARAHONA,,,99,,
DOMINICAN REPUBLIC-BARAHONA (CASA BONITA TROPICAL LODGE),,,425,,
DOMINICAN REPUBLIC-BAVARO/PUNTA CANA,,,307,,
DOMINICAN REPUBLIC-BAYANHIBE,,,217,,
DOMINICAN REPUBLIC-BOCA CHICA (FORMERLY EAST SANTO DOMINGO),,,128,,
DOMINICAN REPUBLIC-CONSTANZA,,,85,,
DOMINICAN REPUBLIC-JARABACOA,,,86,,
DOMINICAN REPUBLIC-JUAN DOLIO,,,154,,
DOMINICAN REPUBLIC-LA ROMANA,,,163,363,
DOMINICAN REPUBLIC-LA ROMANA (GRAN BAHIA),,,310,,
DOMINICAN REPUBLIC-MONTECRISTI,,,201,,
DOMINICAN REPUBLIC-PUERTO PLATA,,,178,246,
DOMINICAN REPUBLIC-SAMANA,,,204,,
DOMINICAN REPUBLIC-SANTIAGO,,,209,,
ECUADOR-QUITO (JW MARRIOTT),,,217,,
ECUADOR-CUENCA,,,172,204,
ECUADOR-GALAPAGOS,,,225,,
ECUADOR-GALAPAGOS (RED MANGROVE),,,500,,
ECUADOR-MANTA,,,205,179,
ECUADOR-SANTO DOMINGO,,,179,,
EGYPT-ASWAN AND LUXOR,,,275,,
EGYPT-ISMAILIA,,,185,,
EGYPT-SAHL HASHEESH (BARON PALACE),,,204,,
EGYPT-SHARM EL SHEIKH,,,207,227,
EQUATORIAL GUINEA-MALABO (HILTON),,,550,,
"EQUATORIAL GUINEA-MALABO (SOFITEL PRESIDENT, TRES DE AGOSTO)",,,368,,
EQUATORIAL GUINEA-MALABO (SOFITEL SIPOPO),,,500,,
EQUATORIAL GUINEA-MONGOMO,,,294,,
EQUATORIAL GUINEA-ELSEWHERE,,,116,,
ERITREA-ASSAB,,,130,,
ERITREA-KEREN,,,165,145,
ERITREA-MASSAWA,,,219,173,
ERITREA-TESSENEI,,,125,,
ERITREA-ELSEWHERE,,,93,,
ETHIOPIA-ADDIS ABABA (HILTON),,,386,,
"ETHIOPIA-ADDIS ABABA (MARRIOTT EXECUTIVE APARTMENTS, RADISSON BLU)",,,297,,
ETHIOPIA-ADDIS ABABA (SHERATON),,,499,,
ETHIOPIA-AWASSA (HAILE RESORT),,,231,,
ETHIOPIA-BAHIR DAR & DEBREZEIT (KURIFTU),,,214,,
ETHIOPIA-MEKELE (PLANET),,,221,,
ETHIOPIA-ELSEWHERE (RESIDENT),,,50,,
FIJI-SUVA (GRAND PACIFIC HOTEL),,,520,,
FIJI-CORAL COAST,,,313,,
FIJI-DENARAU (HILTON),,,580,,
"FIJI-DENARAU (RADISSON, SHERATON, SOFITEL, WESTIN)",,,424,,
FIJI-PACIFIC HARBOUR,,,235,,
"GABON-LIBREVILLE (LE CRISTAL, ROYAL PALM)",,,600,,
GABON-LIBREVILLE (PARK INN BY RADISSON),,,480,,
GABON-LIBREVILLE (RADISSON BLU OKOUME PALACE),,,710,,
GABON-FRANCESVILLE,,,158,,
GABON-LAMBARENE,,,181,,
GABON-OYEM,,,162,,
GABON-PORT GENTIL,,,366,,
GABON-ELSEWHERE,,,125,,
GAMBIA-BANJUL (KAIRABA BEACH),,,242,,
GAMBIA-TENDABA,,,66,,
"GEORGIA, REPUBLIC OF-TBILISI",,,181,,
"GEORGIA, REPUBLIC OF-TBILISI (RADISSON)",,,296,,
"GEORGIA, REPUBLIC OF-TBILISI (TBILISI MARRIOTT)",,,236,,
"GEORGIA, REPUBLIC OF-BATUMI",,,185,,
"GEORGIA, REPUBLIC OF-BATUMI (RADISSON BLU, SHERATON) JULY-AUGUST",,,210,,
"GEORGIA, REPUBLIC OF-KOBULETI (GEORGIA PALACE) JUN-SEP",,,213,,
"GEORGIA, REPUBLIC OF-ELSEWHERE",,,142,,
GERMANY-BONN,,,293,360,
GHANA-ACCRA (BEST  WESTERN PREMIER),,,475,,
GHANA-ABURI (PEDUASE VALLEY RESORT),,,403,,
GHANA-AKOSOMBO,,,357,,
GHANA-ELMINA,,,388,,
GHANA-HO (VOLTA SERENE),,,309,,
GHANA-KUMASI (GOLDEN TULIP),,,360,,
GHANA-TAKORADI,,,282,282,
"GHANA-TAKORADI (PLANTERS LODGE, PROTEA)",,,294,,
GHANA-TAMALE,,,311,,
GIBRALTAR-ALL AREAS,,,357,,
GREECE-THESSALONIKI,,,172,,
GRENADA-ALL AREAS (15 DEC.-15 APR.),,,344,,
GRENADA-ALL AREAS (16 APR.-14 DEC.),,,322,,
GUAM-ALL AREAS,,,307,,
"GUATEMALA-GUATEMALA CITY (REAL INTERCONTINENTAL, WESTIN CAMINO REAL, LOFTELL FONTABELLA)",,,293,,
GUATEMALA-ANTIGUA,,,213,,
GUATEMALA-ANTIGUA (FINCA FILADELFIA),,,282,,
GUATEMALA-ANTIGUA (LA REUNION),,,338,,
GUATEMALA-CHICHICASTENANGO,,,162,,
GUATEMALA-PANAJACHEL,,,165,,
GUATEMALA-PANAJACHEL (HOTEL ATITLAN),,,248,,
GUINEA-CONAKRY (NOOM),,,384,,
GUINEA-CONAKRY (PALM CAMAYENNE),,,415,,
GUINEA-CONAKRY (SHERATON GRAND),,,452,,
GUINEA BISSAU-BISSAU,,,175,,
GUINEA BISSAU-BISSAU (LEDGER PLAZA),,,297,,
GUINEA BISSAU-BAFATA,,,115,,
GUINEA BISSAU-QUINHAMEL,,,126,,
GUINEA BISSAU-ELSEWHERE,,,79,,
GUYANA-GEORGETOWN (PEGASUS HOTEL),,,358,,
GUYANA-LINDEN,,,139,,
GUYANA-NEW AMSTERDAM,,,135,,
HAITI-PORT-AU-PRINCE (KARIBE),,,265,,
HAITI-PORT-AU-PRINCE (MARRIOTT),,,298,,
HAITI-CAP HAITIEN AND JACMEL,,,181,,
HAITI-COTE DES ARCADINS,,,210,,
HAITI-JEREMIE AND LES CAYES,,,175,,
HAITI-PORT-DE-PAIX,,,140,,
HONDURAS-COPÁN,,,171,,
HONDURAS-LA CEIBA,,,137,223,
HONDURAS-ROATAN,,,233,,
HUNGARY-BALATON,,,191,,
HUNGARY-VISEGRAD,,,171,,
ICELAND-ALL AREAS (MAY - SEPT),,,442,,
ICELAND-ALL AREAS (OCT.- APR.),,,346,,
INDIA-NEW DELHI (APRIL - AUGUST),,,223,,
INDIA-NEW DELHI (SEPTEMBER - MARCH),,,254,,
INDIA-NEW DELHI SPECIAL HOTELS (APRIL - AUGUST),,,265,,
"INDIA-NEW DELHI SPECIAL HOTELS (SEPTEMBER
- MARCH)",,,313,,
INDIA-AGRA,,,301,295,
INDIA-BANGALORE (SPECIAL HOTELS),,,273,,
INDIA-CALCUTTA,,,322,,
INDIA-CHANDIGARH (THE LALIT),,,321,,
INDIA-CHENNAI,,,199,411,
INDIA-GOA,,,202,332,
INDIA-HYDERABAD (ITC KAKATIYA),,,237,,
INDIA-JAIPUR,,,324,,
INDIA-MUMBAI,,,284,515,
INDIA-MUMBAI (SPECIAL HOTELS),,,331,,
INDIA-SRINAGAR,,,350,,
"INDONESIA-JAKARTA (JW MARRIOTT, MANDARIN ORIENTAL, RITZ CARLTON)",,,313,,
INDONESIA-JAKARTA (SHANGRI-LA),,,417,,
INDONESIA-JAKARTA (WESTIN),,,276,,
INDONESIA-AMBON,,,120,,
INDONESIA-BALIK PAPAN,,,110,,
INDONESIA-BANDUNG,,,141,325,
INDONESIA-BOGOR CITY,,,133,,
INDONESIA-DENPASAR,,,217,393,
INDONESIA-JAYAPURA,,,121,167,
INDONESIA-MAKASSAR,,,130,,
INDONESIA-MEDAN,,,132,146,
INDONESIA-MENADO,,,105,,
"INDONESIA-NUSA DUA (AYODYA, WESTIN)",,,474,,
"INDONESIA-NUSA DUA (COURTYARD BY MARRIOTT, INTERCONTINENTAL, NOVOTEL)",,,271,,
"INDONESIA-NUSA DUA (GRAND HYATT, LAGUNA BALI)",,,424,,
INDONESIA-NUSA DUA (MELIA BALI),,,374,,
INDONESIA-SENGGIGI,,,169,,
INDONESIA-SURABAYA,,,115,329,
INDONESIA-SURABAYA (SHANGRI-LA),,,306,,
INDONESIA-YOGYAKARTA,,,121,,
IRAN-KERMAN (PARS),,,173,,
IRAN-MASHAD,,,118,,
IRAQ-BAGHDAD (AL RASHEED HOTEL),,,446,,
IRAQ-BASRA,,,212,,
IRAQ-BASRA (BASRA INTERNATIONAL HOTEL),,,335,,
IRAQ-ERBIL (DIVAN AND ROTANA),,,401,,
IRAQ-SULEIMANIYAH,,,142,,
IRAQ-ELSEWHERE,,,195,,
IRELAND-ALL AREAS,,,317,,
ISRAEL-TEL AVIV,,,382,590,
ISRAEL-EILAT,,,301,510,
ISRAEL-HAIFA,,,316,422,
ISRAEL-HERZLIYA,,,253,,
ISRAEL-JERUSALEM,,,282,,
ISRAEL-TIBERIAS,,,263,451,
ISRAEL-ELSEWHERE,,,264,,
ITALY-BOLOGNA,,,288,441,
ITALY-FLORENCE,,,277,449,
ITALY-PALERMO,,,329,386,
ITALY-TRIESTE,,,271,359,
ITALY-TURIN,,,287,469,
ITALY-VENICE,,,377,565,
JAMAICA-ELSEWHERE (15 DEC. -15 APR.),,,341,,
JAMAICA-ELSEWHERE (16 APR. -14 DEC.),,,282,,
JAPAN-TOKYO (IMPERIAL),,,570,,
"JAPAN-TOKYO (NEW OTANI, OKURA)",,,492,,
JAPAN-TOKYO (PALACE),,,700,,
JAPAN-FUKUOKA,,,264,381,
JAPAN-KOBE,,,230,,
JAPAN-KYOTO,,,295,505,
JAPAN-YOKOHAMA,,,300,264,
JORDAN-AMMAN (FOUR SEASONS),,,407,,
JORDAN-AMMAN (SHERATON),,,359,,
"JORDAN-AQABA, DEAD SEA, PETRA",,,242,,
JORDAN-AZRAQ,,,138,,
"JORDAN-IRBID (SEDRAH, SEVEN DAYS HOTEL)",,,171,,
JORDAN-JERUSALEM,,,282,,
JORDAN-RUWAISHED,,,127,,
KAZAKHSTAN-ASTANA (RITZ CARLTON),,,630,,
KAZAKHSTAN-ASTANA (RIXOS PRESIDENT AND SOLUXE),,,263,,
KAZAKHSTAN-AKTAU,,,137,306,
KAZAKHSTAN-AKTAU (RENAISSANCE),,,289,,
KAZAKHSTAN-AKTOBE,,,128,,
KAZAKHSTAN-ALMATY (RITZ CARLTON),,,413,,
KAZAKHSTAN-ATYRAU (RENAISSANCE),,,345,,
KAZAKHSTAN-SCHUCHINSK-BURABAY,,,213,,
KAZAKHSTAN-SHYMKENT,,,130,,
KAZAKHSTAN-SHYMKENT (RIXOS KHADISHA),,,307,,
KAZAKHSTAN-UST-KAMENOGORSK,,,126,,
KENYA-NAIROBI (NAIROBI SERENA),,,400,,
"KENYA-KAJIADO, KITUI, MWINGI",,,42,,
KENYA-KISUMU (ACACIA PREMIER),,,186,,
KENYA-MACHAKOS,,,125,,
KENYA-MAKUENI,,,71,,
"KENYA-MARSABIT. ISIOLO, GARISSA, DADAAB, WAJIR",,,66,,
KENYA-MASAI MARA (FAIRMOUNT MARA SAFARI CLUB),,,219,,
KENYA-MASAI MARA (SAROVA MARA GAME CAMP),,,183,,
KENYA-NAIVASHA,,,190,,
KENYA-NAIVASHA (ENASHIPAI),,,224,,
KENYA-NANYUKI (FAIRMONT MT. KENYA SAFARI CLUB),,,294,,
KENYA-NANYUKI (SWEETWATERS TENTED CAMP),,,119,,
KENYA-TANA RIVER,,,75,,
KENYA-TURKANA COUNTY AND LODWAR,,,92,,
KIRIBATI-CHRISTMAS ISLAND,,,126,140,
KIRIBATI-ALL OTHER AREAS,,,148,,
KIRIBATI-OUTER ISLANDS,,,122,,
"KOREA, DEM. PEO. OF-PYONGYANG",,,275,,
"KOREA, DEM. PEO. OF-ELSEWHERE",,,104,,
"KOREA, REPUBLIC OF-SEOUL",,,345,,
"KOREA, REPUBLIC OF-CHANGWON",,,253,,
"KOREA, REPUBLIC OF-CHEJU ISLAND",,,279,,
"KOREA, REPUBLIC OF-DAEJON",,,189,,
"KOREA, REPUBLIC OF-GANGNEUNG",,,228,,
"KOREA, REPUBLIC OF-INCHEON",,,216,,
"KOREA, REPUBLIC OF-KWANGJU",,,244,,
"KOREA, REPUBLIC OF-KYUNGJU",,,291,,
"KOREA, REPUBLIC OF-PUSAN",,,260,,
"KOREA, REPUBLIC OF-PYEONGCHANG",,,279,,
"KOREA, REPUBLIC OF-TAEGU",,,246,,
"KOREA, REPUBLIC OF-ULSAN",,,239,,
"KOREA, REPUBLIC OF-YEOSU",,,264,,
"KOREA, REPUBLIC OF-ELSEWHERE",,,171,,
KUWAIT-KUWAIT CITY (SHERATON FOUR POINTS),,,550,,
KYRGYZSTAN-BISHKEK (HYATT REGENCY),,,302,,
KYRGYZSTAN-ISSYK-KUL (1 JAN - 30 JUN),,,128,,
KYRGYZSTAN-ISSYK-KUL (1 JUL - 15 SEP),,,213,,
KYRGYZSTAN-ISSYK-KUL (16 SEP - 31 DEC),,,129,,
KYRGYZSTAN-OSH,,,96,,
LAO PEO. DEM. REP.-VIENTIANE,,,175,,
"LAO PEO. DEM. REP.-VIENTIANE (CROWNE PLAZA, SETTHA PALACE)",,,205,,
"LAO PEO. DEM. REP.-KAYSONE PHOMVIHANH, PAKSE, PEK, THAKHEK",,,83,,
LAO PEO. DEM. REP.-LUANG PRABANG,,,112,,
"LAO PEO. DEM. REP.-LUANG PRABANG (GRAND LUANG PRABANG, LE PALAIS JULIANA, LUANG PRABANG VIEW, VILLA SANTI)",,,182,,
LAO PEO. DEM. REP.-LUANG PRABANG (VICTORIA XIENGTHONG),,,272,,
"LAO PEO. DEM. REP.-VANGVIENG, XAY",,,98,,
LAO PEO. DEM. REP.-ELSEWHERE,,,66,,
LATVIA-JURMALA,,,256,,
LEBANON-BEIRUT (LE ROYAL),,,460,,
LEBANON-BEIRUT (MOVENPICK) 1 JANUARY - 14 JUNE,,,314,,
LEBANON-BEIRUT (MOVENPICK) 15 JUNE - 31 DECEMBER,,,377,,
LEBANON-GREATER BEIRUT,,,246,,
LEBANON-AL METN,,,298,,
LEBANON-TYR (TYR REST HOUSE),,,273,,
LEBANON-ELSEWHERE,,,147,,
LESOTHO-MASERU (AVANI LESOTHO HOTEL & CASINO),,,322,,
LESOTHO-MASERU (AVANI MASERU SUN),,,210,,
LESOTHO-MASERU (MPILO BOUTIQUE HOTEL),,,261,,
LESOTHO-BUTHA-BUTHE (NEW OXBOW LODGE),,,170,,
LESOTHO-LERIBE,,,115,,
LESOTHO-LERIBE (MALIBA MOUNTAIN LODGE),,,340,,
LESOTHO-MOHALE'S HOEK,,,109,,
LESOTHO-TEYATEYANENG,,,115,,
LESOTHO-THABA-TSEKA (ORION KATSE LODGE),,,127,,
LESOTHO-ELSEWHERE,,,109,,
LIBERIA-ROBERTSFIELD (FARMINGTON HOTEL),,,240,,
LIBERIA-ROBERTSPORT (NANA LODGE GH),,,140,,
LIBERIA-ELSEWHERE,,,95,,
"LIBYA-TRIPOLI (ALBUSTAN, CORINTHIA, RADISSON BLU)",,,335,,
LIBYA-ELSEWHERE,,,177,,
LUXEMBOURG-ALL AREAS,,,383,,
MADAGASCAR-ANTANANARIVO (CARLTON),,,469,,
MADAGASCAR-AMBOASSARY,,,70,,
MADAGASCAR-ANTSIRABE,,,94,,
MADAGASCAR-ANTSIRANANA (DIEGO-SUAREZ),,,182,,
MADAGASCAR-FIANARANTSOA,,,81,,
MADAGASCAR-MAHAJANGA,,,102,,
MADAGASCAR-MORONDAVA,,,119,,
MADAGASCAR-MORONDAVA (PALISSANDRE COTE OUEST),,,208,,
MADAGASCAR-NOSY-BE,,,261,,
MADAGASCAR-RANOMAFANA,,,87,,
MADAGASCAR-SAINTE MARIE,,,274,,
MADAGASCAR-TOAMASINA,,,134,,
MADAGASCAR-TOLAGNARO (FORT-DAUPHIN),,,97,,
MADAGASCAR-TOLIARA,,,107,,
MALAWI-BLANTYRE,,,150,230,
MALAWI-BLANTYRE (MT. SOCHE & RYALLS),,,221,,
MALAWI-MANGOCHI (MAKOKOLA RETREAT),,,236,,
MALAWI-MANGOCHI (SUNBIRD NKOPOLA LODGE),,,190,,
MALAWI-MZUZU (HOTEL MZUZU),,,207,,
"MALAWI-SALIMA (LIVINGSTONIA BEACH, SAFARI BEACH)",,,221,,
MALAWI-ZOMBA (KU CHAWE INN),,,225,,
MALAYSIA-KOTA KINABALU (SABAH),,,179,,
MALAYSIA-MELAKA,,,207,229,
MALAYSIA-PENANG,,,177,230,
MALDIVES-MALE (HULHULE ISLAND HOTEL),,,479,,
MALDIVES-MALE (JEN),,,328,,
MALDIVES-HAA ALIFU (RESORTS) AUGUST - APRIL,,,458,,
MALDIVES-HAA ALIFU (RESORTS) MAY - JULY,,,560,,
MALDIVES-KAAFU (RESORTS),,,640,,
MALDIVES-ELSEWHERE (ISLANDS),,,141,,
MALI-BAMAKO (RADISSON BAMAKO),,,286,,
MALTA-ALL AREAS,,,342,,
MARSHALL ISLANDS-EBEYE,,,265,,
MARSHALL ISLANDS-ELSEWHERE,,,144,,
"MAURITANIA-NOUAKCHOTT (MAURICENTER, MONOTEL, TFEILA)",,,244,,
MAURITANIA-BASSIKNOU,,,69,,
MAURITANIA-NOUADHIBOU,,,152,129,
MAURITANIA-ZOUERATE,,,168,,
MAURITANIA-ELSEWHERE,,,88,,
MAURITIUS-PORT LOUIS/MAURITIUS,,,254,,
MAURITIUS-ELSEWHERE - RODRIGUES IS & OUTER ISLANDS,,,156,,
"MEXICO-ACAPULCO, GUERRERO",,,264,,
"MEXICO-AGUASCALIENTES, AGUASCALIENTES",,,208,,
"MEXICO-CANCUN, QUINTANA ROO",,,311,,
"MEXICO-CUERNAVACA, MORELOS",,,279,,
"MEXICO-GUADALAJARA, JALISCO",,,257,,
"MEXICO-MÉRIDA, YUCATÁN",,,229,,
"MEXICO-MONTERREY, NUEVO LEON",,,325,,
"MEXICO-PUEBLA, PUEBLA",,,244,,
"MEXICO-PUERTO VALLARTA, JALISCO",,,232,,
"MEXICO-SALTILLO, COAHUILA",,,188,,
MEXICO-SAN CRISTOBAL DE LAS CASAS,,,167,,
"MEXICO-SAN LUIS POTOSÍ, SAN LUIS POTOSI",,,223,,
"MEXICO-TAPACHULA, CHIAPAS",,,137,,
"MEXICO-TIJUANA, BAJA CALIFORNIA NORTE",,,279,,
"MEXICO-TOLUCA, EDO. DE MÉXICO",,,183,,
"MEXICO-TORREÓN, COAHUILA",,,226,,
"MEXICO-TUXTLA GUTIERREZ, CHIAPAS",,,147,,
"MEXICO-VILLAHERMOSA, TABASCO",,,167,,
"MEXICO-ZACATECAS, ZACATECAS",,,187,,
"MICRONESIA, FED STATES OF-KOSRAE",,,241,,
"MICRONESIA, FED STATES OF-PONAPE",,,223,,
"MICRONESIA, FED STATES OF-TRUK",,,225,,
"MICRONESIA, FED STATES OF-YAP",,,262,,
MOLDOVA-CHISINAU (RADISSON BLU LEOGRAND),,,205,,
MONACO-ALL AREAS,,,361,,
MONTENEGRO -PODGORICA,,,164,,
"MONTENEGRO -BAR, BECICI, BUDVA, KOTOR, MILOCER, PETROVAC, TIVAT, HERCEG NOVI, ULCINJ (THE COAST)",,,157,,
MONTENEGRO -BUDVA (HOTEL SPLENDID),,,309,,
MONTENEGRO -KOLASIN (HOTEL BIANCA),,,129,,
MONTENEGRO -TIVAT (REGENT),,,211,,
MONTENEGRO -ELSEWHERE,,,102,,
MONTSERRAT-ALL AREAS,,,230,,
MOROCCO-RABAT (SOFITEL JARDIN DES ROSES),,,392,,
"MOROCCO-RABAT (TOUR HASSAN, VIEW, VILLA MANDARINE)",,,306,,
MOROCCO-AGADIR (SOFITEL ROYAL BAY RESORT),,,280,,
MOROCCO-AGADIR (SOFITEL ROYAL THALASSA),,,337,,
MOROCCO-CASABLANCA (FOUR SEASONS),,,449,,
"MOROCCO-CASABLANCA (HYATT REGENCY, SOFITEL TOUR BLANCHE)",,,385,,
MOROCCO-CASABLANCA (KENZI TOWER),,,274,,
MOROCCO-ESSAOUIRA (LE MEDINA THALASA),,,244,,
MOROCCO-ESSAOUIRA (SOFITEL) 26 DEC - 3 JAN,,,335,,
MOROCCO-ESSAOUIRA (SOFITEL) 4 JAN - 25 DEC,,,254,,
MOROCCO-FES (JNAN PALACE & PALACE MEDINA),,,242,,
MOROCCO-MARRAKESH,,,181,,
MOROCCO-MARRAKESH (ESSAADI),,,273,,
MOROCCO-MARRAKESH (FOUR SEASONS),,,380,,
"MOROCCO-MARRAKESH (HIVERNAGE, MOVENPICK MANSOUR EDDAHBI, PULLMAN PALMERAIE)",,,267,,
MOROCCO-MARRAKESH (KENZI MENARA PALACE),,,258,,
MOROCCO-MARRAKESH (SOFITEL MARRAKECH),,,438,,
MOROCCO-MARRAKESH (SOFITEL PALAIS IMPERIAL) 1 JAN - 1 JUL,,,365,,
MOROCCO-MARRAKESH (SOFITEL PALAIS IMPERIAL) 2 JUL - 24 DEC,,,440,,
MOROCCO-MARRAKESH (SOFITEL PALAIS IMPERIAL) 25-31 DEC,,,490,,
"MOROCCO-TANGIER (EL MINZAH, GOLDEN TULIP CITY CENTER)",,,221,,
MOZAMBIQUE-BEIRA,,,174,,
MOZAMBIQUE-CHIMOIO,,,195,,
MOZAMBIQUE-ILHA DE MOCAMBIQUE,,,226,,
MOZAMBIQUE-NAMPULA,,,189,,
MOZAMBIQUE-PEMBA,,,223,303,
MOZAMBIQUE-PEMBA (AVANI PEMBA BEACH),,,380,,
MOZAMBIQUE-QUELIMANE,,,210,,
MOZAMBIQUE-TETE,,,227,,
MOZAMBIQUE-VILANCULOS (CASA REX),,,212,,
MYANMAR-YANGON,,,181,,
MYANMAR-YANGON (SPECIAL HOTELS),,,268,,
MYANMAR-CHAUNG THA BEACH,,,161,,
MYANMAR-DAWEI,,,95,,
MYANMAR-DAWEI (HOTEL DAWEI),,,193,,
MYANMAR-HPA AN,,,96,,
MYANMAR-INLE,,,222,,
MYANMAR-INLE (AUREUM PALACE AND INLE PRINCE),,,325,,
MYANMAR-KAWTHAUNG,,,116,,
MYANMAR-LOIKAW,,,105,,
MYANMAR-MANDALAY,,,86,,
"MYANMAR-MANDALAY (MANDALAY HILL, SEDONA, SHWE PYI THAR)",,,220,,
MYANMAR-MAW-LA-MYINE,,,98,,
MYANMAR-MAW-LA-MYINE (ATTARAN) INTERNATIONAL STAFF ONLY,,,108,,
MYANMAR-MAW-LA-MYINE (ROYAL HINTHAR AND STRAND) INTERNATIONAL STAFF ONLY,,,130,,
MYANMAR-MONYWA (JADE ROYAL) INTERNATIONAL STAFF ONLY,,,91,,
MYANMAR-MRAUK OO (INTERNATIONAL STAFF),,,103,,
MYANMAR-MRAUK OO (LOCAL STAFF),,,87,,
MYANMAR-MRAUK OO (MRAUK U PRINCE) INTERNATIONAL STAFF ONLY,,,421,,
MYANMAR-MRAUK OO (MRAUK U PRINCE) LOCAL STAFF ONLY,,,181,,
MYANMAR-MYEIK,,,127,,
MYANMAR-MYITKYINA,,,101,,
MYANMAR-NAYPYITAW,,,104,,
"MYANMAR-NAYPYITAW (HILTON, HORIZON LAKE VIEW, KEMPINSKI, PARKROYAL)",,,157,,
MYANMAR-NGWE SAUNG BEACH,,,207,,
MYANMAR-NYAUNGOO-BAGAN,,,168,,
MYANMAR-NYAUNGOO-BAGAN (AUREUM PALACE),,,308,,
"MYANMAR-NYAUNGOO-BAGAN (THARABAR, AYE YAR RIVERVIEW)",,,258,,
MYANMAR-PATHEIN,,,104,,
MYANMAR-PUTAO (INTERNATIONAL STAFF),,,141,,
MYANMAR-PUTAO (LOCAL STAFF),,,95,,
MYANMAR-PYINOOLWIN,,,108,,
MYANMAR-SITTWE (ROYAL SITTWE) INTERNATIONAL STAFF ONLY,,,127,,
MYANMAR-TAUNGGYI (INTERNATIONAL STAFF ONLY),,,161,,
MYANMAR-TAUNGGYI (LOCAL STAFF ONLY),,,118,,
MYANMAR-TAUNGOO,,,167,,
MYANMAR-THANDWE (NGAPALI BEACH ONLY) OCTOBER - APRIL,,,380,,
MYANMAR-ELSEWHERE,,,83,,
NAMIBIA-WINDHOEK (AVANI WINDHOEK),,,530,,
NAMIBIA-GOBABIS,,,155,,
NAMIBIA-HENTIES BAY,,,135,,
NAMIBIA-KARIBIB (ETUSIS LODGE),,,142,,
NAMIBIA-KATIMA MULILO,,,183,,
NAMIBIA-KEETMANSHOOP,,,131,,
NAMIBIA-LUDERITZ (NEST),,,266,,
NAMIBIA-LUDERITZ (SEA VIEW ZUM SPERRGEBIET),,,158,,
"NAMIBIA-MARIENTAL (CAMELTHORN, SURICATE, ZEBRA LODGES)",,,212,,
NAMIBIA-OKAHANDJA,,,244,,
NAMIBIA-OMARURU,,,315,,
NAMIBIA-ONDANGWA,,,143,,
NAMIBIA-OPUWO,,,133,,
NAMIBIA-OSHAKATI,,,127,,
NAMIBIA-OTAVI,,,118,,
NAMIBIA-OTJIWARONGO,,,120,,
NAMIBIA-OTJIWARONGO (OKONDJIMA LODGE),,,219,,
NAMIBIA-RUNDU,,,163,,
NAMIBIA-RUNDU (HAKUSEMBE RIVER LODGE),,,218,,
NAMIBIA-SOSSESVLEI (SOSSESVLEI LODGE),,,338,,
NAMIBIA-SWAKOPMUND,,,225,179,
NAMIBIA-SWAKOPMUND (SWAKOPMUND ENTERTAINMENT CENTRE),,,318,,
NAMIBIA-TSUMEB,,,169,,
NAMIBIA-TSUMKWE,,,126,,
NAMIBIA-WALVIS BAY,,,182,148,
NAURU-ALL AREAS,,,219,,
NEPAL-KATHMANDU (DWARIKA'S),,,307,,
NEPAL-KATHMANDU (HYATT REGENCY),,,236,,
"NEPAL-BHAIRAHAWA, BHARATPUR, BIRATNAGAR, BIRGUNJ",,,60,,
NEPAL-DAMAK (IOM GUEST HOUSE),,,103,,
NEPAL-DHULIKHEL AND NAGARKOT,,,115,,
NEPAL-LUMBINI (NEPAL HOKKE),,,166,,
"NEPAL-NEPALGUNJ, HETAUDA, DHANAGADHI",,,50,,
NEPAL-POKHARA (POKHARA GRANDE AND SHANGRILA),,,167,,
NEPAL-POKHARA AND LUMBINI,,,113,,
NEPAL-SAURAHA,,,63,,
NEPAL-SAURAHA (KASARA JUNGLE RESORT),,,165,,
NETHERLANDS-ALL AREAS,,,353,,
NEW CALEDONIA-ALL AREAS,,,331,,
NEW ZEALAND-AUCKLAND AND WELLINGTON,,,314,,
NICARAGUA-CORN ISLAND,,,166,181,
NIGER-NIAMEY (HOTEL GAWEYE),,,275,,
NIGER-NIAMEY (SOLUXE),,,318,,
NIGER-ELSEWHERE,,,164,,
NIGERIA-ABUJA (PROTEA),,,212,,
NIGERIA-ABUJA (SHERATON),,,182,,
NIGERIA-ABUJA (TRANSCORP HILTON),,,330,,
NIGERIA-CALABAR CITY,,,69,,
NIGERIA-ENUGU (STATE CAPITAL CITY),,,69,,
NIGERIA-IBADAN CITY,,,105,,
NIGERIA-KADUNA (STATE CAPITAL CITY),,,57,,
NIGERIA-KANO (STATE CAPITAL CITY),,,74,,
"NIGERIA-LAGOS (EKO, FEDERAL PALACE)",,,268,,
"NIGERIA-LAGOS (FOUR POINTS, PROTEA VICTORIA ISLAND)",,,199,,
"NIGERIA-LAGOS (INTERCONTINENTAL, WHEATBAKER)",,,383,,
NIGERIA-LAGOS (MOORHOUSE IKOYI),,,232,,
NIGERIA-LAGOS (SOUTHERN SUN IKOYI),,,194,,
NIGERIA-MAIDUGURI,,,69,,
NIGERIA-OBUDU (OBUDU MOUNTAIN RESORT),,,93,,
"NIGERIA-PORT HARCOURT (GOLDEN TULIP, SWISS INTERNATIONAL)",,,176,,
NIGERIA-PORT HARCOURT (LE MERIDIEN),,,232,,
NIGERIA-UYO CITY,,,57,,
NIGERIA-UYO CITY (LE MERIDIEN),,,205,,
NIGERIA-YENAGOA CITY,,,87,,
NIUE-ALL AREAS,,,244,,
NORWAY-ALL AREAS,,,304,,
PAKISTAN-ISLAMABAD (MARRIOTT),,,249,,
PAKISTAN-ISLAMABAD (SERENA),,,358,,
PAKISTAN-ISLAMABAD/RAWALPINDI,,,185,,
"PAKISTAN-BHURBAN (PC), FAISALABAD AND QUETTA (SERENA)",,,238,,
PAKISTAN-GILGIT (SERENA),,,150,,
PAKISTAN-GWADAR (ZAVER PEARL CONTINENTAL),,,219,,
PAKISTAN-LAHORE (AVARI),,,265,,
PAKISTAN-MULTAN (RAMADA),,,190,,
PAKISTAN-MUZAFFARABAD (PEARL CONTINENTAL),,,202,,
PAKISTAN-NATHIAGALI,,,116,,
PAKISTAN-PESHAWAR (PEARL CONTINENTAL),,,182,,
PAKISTAN-SKARDU,,,158,,
PAKISTAN-SWAT (SERENA),,,150,,
PALAU-ALL AREAS,,,295,,
PANAMA-COMARCA KUNA YALA/SAN BLAS,,,198,,
PANAMA-DAVÍD,,,199,,
PANAMA-EL VALLE DE ANTON,,,267,,
PANAMA-ISLA COLON,,,215,,
PAPUA NEW GUINEA-ALOTAU,,,208,,
PAPUA NEW GUINEA-ARAWA,,,226,,
PAPUA NEW GUINEA-BUIN,,,204,,
PAPUA NEW GUINEA-BUKA,,,286,,
PAPUA NEW GUINEA-DARU,,,170,,
PAPUA NEW GUINEA-GAIRE,,,208,,
PAPUA NEW GUINEA-GOROKA,,,186,,
PAPUA NEW GUINEA-KAVIENG,,,220,,
PAPUA NEW GUINEA-KIMBE,,,182,,
PAPUA NEW GUINEA-KIUNGA,,,208,,
PAPUA NEW GUINEA-KOKOPO,,,208,,
PAPUA NEW GUINEA-LAE,,,220,,
PAPUA NEW GUINEA-LOLOATA,,,289,,
PAPUA NEW GUINEA-LORENGAU,,,195,,
PAPUA NEW GUINEA-MADANG,,,173,,
PAPUA NEW GUINEA-MT. HAGEN,,,167,,
PAPUA NEW GUINEA-POPONDETTA,,,173,,
PAPUA NEW GUINEA-RABAUL,,,195,,
PAPUA NEW GUINEA-SIWAI,,,198,,
PAPUA NEW GUINEA-TABUBIL,,,192,,
PAPUA NEW GUINEA-VANIMO,,,192,,
PAPUA NEW GUINEA-WEWAK,,,164,,
PARAGUAY-ASUNCION,,,217,271,
PARAGUAY-CIUDAD DEL ESTE (CASINO ARACAY),,,167,,
PARAGUAY-ELSEWHERE,,,127,,
PERU-AREQUIPA,,,171,,
PERU-CUZCO,,,196,,
PERU-IQUITOS,,,152,,
PERU-TRUJILLO,,,173,,
PHILIPPINES-METRO MANILA,,,256,,
PHILIPPINES-BAGUIO CITY,,,126,,
PHILIPPINES-BATAAN,,,189,,
PHILIPPINES-BATANGAS,,,157,,
PHILIPPINES-CEBU CITY,,,230,,
"PHILIPPINES-CLARK, PAMPANGA",,,163,,
PHILIPPINES-DAVAO CITY,,,150,146,
PHILIPPINES-TACLOBAN,,,103,,
PHILIPPINES-TAGAYTAY,,,174,,
PHILIPPINES-TAGBILARAN,,,141,,
PORTUGAL-PORTO,,,320,,
PUERTO RICO-ALL  AREAS (20 DEC. - 30 APR.),,,421,,
PUERTO RICO-ALL AREAS (1 MAY - 20 DEC.),,,304,,
"ROMANIA-BRASOV, CONSTANTA, MAMAIA, TIMISOARA",,,192,,
ROMANIA-CLUJ AND SIBIU,,,159,,
RUSSIAN FEDERATION-MOSCOW,,,361,,
RUSSIAN FEDERATION-SAKHA,,,146,,
RUSSIAN FEDERATION-SOCHI (1 JUN. - 15 OCT.),,,202,,
RUSSIAN FEDERATION-SOCHI (16 OCT. - 31 MAY),,,164,,
RUSSIAN FEDERATION-ST. PETERSBURG,,,332,,
RUSSIAN FEDERATION-VLADIVOSTOK,,,278,,
RUSSIAN FEDERATION-ELSEWHERE,,,132,,
RWANDA-KIGALI (KIGALI MARRIOTT & KIGALI SERENA),,,292,,
RWANDA-KIGALI (MILLE COLLINES),,,245,,
RWANDA-KIGALI (RADISSON BLU),,,271,,
RWANDA-BUGESERA,,,124,,
RWANDA-BUGESERA (GOLDEN TULIP LA PALISSE),,,145,,
RWANDA-KARONGI,,,170,,
RWANDA-KIBUNGO (AKAGERA LODGE),,,131,,
RWANDA-MUSANZE,,,145,,
RWANDA-NYAMASHEKE (NYUNGWE),,,475,,
RWANDA-RUBAVU,,,160,,
RWANDA-RUBAVU (SERENA LAKE KIVU),,,240,,
SAINT MAARTEN-ALL AREAS (15 APRIL - 15 DECEMBER),,,249,,
SAINT MAARTEN-ALL AREAS (16 DECEMBER - 14 APRIL),,,289,,
"SAMOA-APIA, UPOLU",,,148,,
"SAMOA-APIA, UPOLU (AGGIE GREY RESORT, TAUMEASINA)",,,258,,
"SAMOA-APIA, UPOLU (TANOA TUSITALA)",,,221,,
"SAMOA-CAPE FATUOSOFIA, UPOLU (LE VASA RESORT)",,,175,,
"SAMOA-LALOMANU, UPOLU (AGA REEF RESORT & SPA)",,,316,,
SAMOA-SAVAII,,,137,,
SAMOA-SAVAII (LE LEGATO),,,295,,
"SAMOA-SIUMU, UPOLU (COCONUTS BEACH RESORT)",,,242,,
SAO TOME AND PRINCIPE-SAO TOME,,,167,271,
"SAO TOME AND PRINCIPE-SAO TOME (OMALI SAO TOME, PESTANA SAO TOME)",,,242,,
SAO TOME AND PRINCIPE-SAO TOME (PESTANA EQUADOR),,,190,,
SAO TOME AND PRINCIPE-PRINCIPE,,,97,305,
SAO TOME AND PRINCIPE-PRINCIPE (BOM BOM ISLAND RESORT),,,394,,
SAUDI ARABIA-AL-KHOBAR,,,365,,
"SAUDI ARABIA-JEDDAH (CROWNE PLAZA, INTERCONTINENTAL)",,,485,,
SENEGAL-DAKAR (KING FAHD PALACE),,,389,,
SENEGAL-M'BOUR,,,198,,
SENEGAL-M'BOUR (HOTEL LAMANTIN BEACH),,,327,,
SENEGAL-TOUBACOUTA (LES PALETUVIERS),,,194,,
SERBIA-PRISTINA,,,153,,
SEYCHELLES-MAHE VICTORIA,,,319,,
"SEYCHELLES-LA DIGUE (LE REPAIRE, PATATRAN)",,,404,,
SEYCHELLES-LA DIGUE AND PRASLIN,,,295,,
SEYCHELLES-PRASLIN (ARCHIPEL),,,680,,
SEYCHELLES-PRASLIN (INDIAN OCEAN LODGE),,,468,,
SIERRA LEONE-FREETOWN (RADISSON BLU MAMMY YOKO HOUSE),,,284,,
SIERRA LEONE-MAKENI,,,103,,
SINGAPORE-ALL AREAS,,,409,,
SLOVAK REPUBLIC-BRATISLAVA,,,271,,
SLOVAK REPUBLIC-ELSEWHERE,,,182,,
"SLOVENIA, REPUBLIC OF-ALL AREAS",,,286,,
SOLOMON ISLANDS-HONIARA (HERITAGE PARK),,,490,,
SOLOMON ISLANDS-AUKI,,,153,,
SOLOMON ISLANDS-GIZO,,,202,,
SOMALIA-MOGADISHU (BANCROFT/INTERNATIONAL CAMPUS- MIA),,,191,,
SOMALIA-MOGADISHU (CHELSEA VILLAGE),,,173,,
SOMALIA-MOGADISHU (NADIIF),,,150,,
SOMALIA-MOGADISHU (RA INTERNATIONAL),,,224,,
SOMALIA-MOGADISHU (THORN TREE),,,184,,
SOMALIA-MOGADISHU (UNICEF GUEST HOUSE),,,185,,
SOMALIA-MOGADISHU (UNSOS CAMP - MIA),,,144,,
SOMALIA-MOGADISHU (WFP GUEST HOUSE),,,201,,
SOMALIA-BAIDOA (UNSOS GUEST HOUSE),,,144,,
SOMALIA-BALEDONGLE (UNSOS GUEST HOUSE),,,144,,
SOMALIA-BELETWEYNE (UNSOS GUEST HOUSE),,,144,,
SOMALIA-BERBERA (MANSOOR),,,95,,
SOMALIA-DHOBLEY (UNSOS GUEST HOUSE),,,144,,
SOMALIA-DOLLOW (WFP GUEST HOUSE),,,209,,
SOMALIA-GALKAYO (WFP GUEST HOUSE),,,92,,
SOMALIA-GAROWE (UNCC NEW VILLAS),,,213,,
SOMALIA-GAROWE (UNSOS GIH),,,230,,
SOMALIA-HARGEISA (HOTELS AMBASSADOR & MAANSOOR),,,136,,
SOMALIA-JOWHAR (UNSOS GUEST HOUSE),,,144,,
SOMALIA-KISMAYO (ATLANTEAN),,,403,,
SOMALIA-KISMAYO (UNSOS GUEST HOUSE),,,144,,
SOMALIA-ELSEWHERE,,,74,,
SOUTH AFRICA-BLOEMFONTEIN,,,200,241,
SOUTH AFRICA-CAPETOWN,,,261,,
SOUTH AFRICA-EAST LONDON,,,271,,
SOUTH AFRICA-JOHANNESBURG-SANDTON,,,322,,
SOUTH AFRICA-JOHANNESBURG-SANDTON (SANDTON SUN),,,560,,
SOUTH AFRICA-MAGALIESBURG/MULDERSDRIFT,,,263,,
SOUTH AFRICA-MUSINA,,,175,,
SOUTH AFRICA-POLOKWANE,,,163,,
SOUTH AFRICA-SUN CITY,,,246,230,
SOUTH AFRICA-SUN CITY (SPECIAL HOTELS),,,337,,
"SOUTH SUDAN, REPUBLIC OF-JUBA",,,221,,
"SOUTH SUDAN, REPUBLIC OF-JUBA (JUBA GRAND)",,,258,,
"SOUTH SUDAN, REPUBLIC OF-JUBA (LOGALI HOUSE)",,,238,,
"SOUTH SUDAN, REPUBLIC OF-JUBA (UN GUEST HOUSES)",,,80,,
"SOUTH SUDAN, REPUBLIC OF-AWEIL (AWEIL GRAND)",,,269,,
"SOUTH SUDAN, REPUBLIC OF-AWEIL (SOUTH SUDAN)",,,192,,
"SOUTH SUDAN, REPUBLIC OF-RUMBEK (PALM TREE, SAFARI STYLE)",,,202,,
"SOUTH SUDAN, REPUBLIC OF-TORIT",,,117,,
"SOUTH SUDAN, REPUBLIC OF-TORIT (TORIT HOTEL)",,,223,,
"SOUTH SUDAN, REPUBLIC OF-WAU (AMARULA LODGE, REGENCY, UNIVERSAL GAB, WAU RIVER LODGE)",,,181,,
"SOUTH SUDAN, REPUBLIC OF-YAMBIO (SUNSET, TOURIST)",,,181,,
"SOUTH SUDAN, REPUBLIC OF-ELSEWHERE",,,91,,
"SOUTH SUDAN, REPUBLIC OF-ELSEWHERE (UN GUEST HOUSES)",,,71,,
SRI LANKA-COLOMBO (SRI LANKA-BASED STAFF),,,122,,
"SRI LANKA-AMPARA, BATTICALOA, TRINCOMALEE",,,76,,
"SRI LANKA-JAFFNA, KILLINOCHCHI, MANNAR, MULLAITIVU, VAVUNIA",,,76,,
SRI LANKA-KANDY,,,157,246,
ST. KITTS AND NEVIS-ALL AREAS (15 APR. - 14 DEC.),,,374,,
ST. KITTS AND NEVIS-ALL AREAS (15 DEC - 14 APR.),,,456,,
ST. LUCIA-ALL AREAS (15 APR.-14 DEC.),,,448,,
"ST. LUCIA-ALL AREAS (15 DEC.-14 APR,)",,,485,,
ST.VINCENT-GRENADINES-ALL AREAS (15 APR. - 14 DEC.),,,319,,
ST.VINCENT-GRENADINES-ALL AREAS (15 DEC. - 14 APR.),,,333,,
SUDAN-PORT SUDAN,,,141,,
SUDAN-PORT SUDAN (CORAL),,,265,,
SURINAME-ELSEWHERE,,,98,,
SWAZILAND-EZULWINI,,,295,,
SWAZILAND-MANZINI,,,189,,
SWAZILAND-PIGGS PEAK,,,163,,
SWAZILAND-ELSEWHERE,,,136,,
SWITZERLAND-ALL AREAS,,,408,,
SYRIAN ARAB REPUBLIC-DAMASCUS,,,196,,
SYRIAN ARAB REPUBLIC-DAMASCUS (FOUR SEASONS),,,274,,
SYRIAN ARAB REPUBLIC-ALEPPO,,,161,,
SYRIAN ARAB REPUBLIC-HOMS,,,118,,
SYRIAN ARAB REPUBLIC-LATTAKIA,,,169,,
SYRIAN ARAB REPUBLIC-TARTOUS,,,106,,
SYRIAN ARAB REPUBLIC-ELSEWHERE,,,89,,
TAJIKISTAN-DARVAZ (KARON PALACE),,,145,,
TAJIKISTAN-REGIONAL CENTERS,,,90,,
"TANZANIA, UNITED REP. OF-DAR ES SALAAM",,,223,,
"TANZANIA, UNITED REP. OF-DAR ES SALAAM  (SPECIAL HOTELS)",,,312,,
"TANZANIA, UNITED REP. OF-ARUSHA",,,188,,
"TANZANIA, UNITED REP. OF-BAGAMOYO",,,150,,
"TANZANIA, UNITED REP. OF-DODOMA",,,141,,
"TANZANIA, UNITED REP. OF-KIGOMA",,,147,,
"TANZANIA, UNITED REP. OF-MBEYA",,,105,,
"TANZANIA, UNITED REP. OF-MOROGORO",,,105,,
"TANZANIA, UNITED REP. OF-MOSHI",,,134,,
"TANZANIA, UNITED REP. OF-MTWARA",,,127,,
"TANZANIA, UNITED REP. OF-MWANZA",,,150,,
"TANZANIA, UNITED REP. OF-NGORONGORO/SERENGETI",,,341,,
"TANZANIA, UNITED REP. OF-PEMBA",,,127,,
"TANZANIA, UNITED REP. OF-TANGA",,,140,,
"TANZANIA, UNITED REP. OF-ZANZIBAR (PARK HYATT, SERENA INN)",,,310,,
"TANZANIA, UNITED REP. OF-ZANZIBAR, NUNGWI (DIAMOND LA GEMA, ESSQUE ZALLU, ROYAL ZANZIBAR)",,,398,,
"TANZANIA, UNITED REP. OF-ZANZIBAR, NUNGWI (HIDEAWAY, MELIA)",,,469,,
"TANZANIA, UNITED REP. OF-ZANZIBAR, NUNGWI (NEPTUNE)",,,520,,
"TANZANIA, UNITED REP. OF-ZANZIBAR, STONETOWN",,,170,,
"TANZANIA, UNITED REP. OF-ELSEWHERE",,,95,,
THAILAND-CHA AM,,,190,232,
THAILAND-CHIANG MAI,,,146,212,
THAILAND-CHIANG RAI,,,143,180,
THAILAND-HUA HIN,,,298,232,
THAILAND-KANCHANABURI,,,169,,
THAILAND-KOH SAMUI,,,167,,
THAILAND-PATTAYA,,,196,,
THAILAND-PHUKET,,,244,289,
THAILAND-RAYONG,,,172,,
"THAILAND-SONGKLA, HATYAI",,,98,,
THE FORMER YUGOSLAV REPUBLIC OF MACEDONIA-SKOPJE,,,167,,
THE FORMER YUGOSLAV REPUBLIC OF MACEDONIA-OHRID & STRUGA,,,90,,
THE FORMER YUGOSLAV REPUBLIC OF MACEDONIA-ELSEWHERE,,,74,,
TIMOR-LESTE-DILI,,,160,205,
"TIMOR-LESTE-DILI (NOVO TURISMO, TIMOR PLAZA)",,,227,,
TIMOR-LESTE-BAUCAU (HOTEL POUSADA),,,115,,
TIMOR-LESTE-COM -LAUTEM (COM BEACH RESORT),,,135,,
TIMOR-LESTE-OECUSSI (RAO HOTEL),,,81,,
TIMOR-LESTE-ELSEWHERE,,,66,,
TOGO-LOME,,,198,394,
TOGO-LOME (MERCURE SARAKAWA),,,344,,
"TOGO-LOME (PALM BEACH, SANCTA MARIA)",,,288,,
TOGO-ELSEWHERE,,,88,,
TOKELAU-ALL AREAS,,,92,,
TONGA-VAVA'U,,,118,,
TRINIDAD AND TOBAGO-TRINIDAD - ALL AREAS,,,313,,
TRINIDAD AND TOBAGO-TOBAGO (15 APR.-15 DEC.),,,294,,
TRINIDAD AND TOBAGO-TOBAGO (16 DEC.-14 APR.),,,313,,
TURKEY-ANTALYA,,,185,283,
TURKEY-DIYARBAKIR,,,135,,
TURKEY-GAZIANTEP,,,133,233,
TURKEY-SANLIURFA,,,135,,
TURKMENISTAN-ASHGABAT (RESIDENT),,,180,,
TURKMENISTAN-BALKANABAT (NEBITCHI),,,128,,
TURKMENISTAN-BALKANABAT (NEBITCHI) RESIDENT,,,79,,
TURKMENISTAN-TURKMENBASHI,,,125,,
TURKMENISTAN-TURKMENBASHY (RESIDENT),,,84,,
TURKMENISTAN-ELSEWHERE (FOREIGNERS),,,94,,
TURKMENISTAN-ELSEWHERE (TURKMEN CITIZENS),,,61,,
TURKS & CAICOS ISLANDS-PROVIDENCIALES (14 APR. - 21 DEC.),,,438,,
TURKS & CAICOS ISLANDS-PROVIDENCIALES (22 DEC. - 13 APR.],,,540,,
TUVALU-ALL AREAS,,,210,,
UGANDA-KAMPALA (KAMPALA SERENA),,,530,,
UGANDA-KAMPALA (SHERATON),,,291,,
UGANDA-ENTEBBE,,,203,280,
UGANDA-ENTEBBE (PROTEA),,,347,,
UGANDA-JINJA (JINJA NILE RESORT),,,290,,
"UGANDA-KABALE (CHOBE SAFARI LODGE, PARAA SAFARI LODGE)",,,281,,
UGANDA-KABALE (SILVERBACK LODGE),,,315,,
UGANDA-MBARARA,,,98,,
UGANDA-MBARARA (MWEYA SAFARI LODGE),,,284,,
UKRAINE-KYIV (HYATT REGENCY),,,330,,
"UKRAINE-KYIV (INTERCONTINENTAL, PREMIER PALACE)",,,307,,
UKRAINE-KYIV (RADISSON BLU),,,279,,
UKRAINE-DNIPRO,,,94,,
UKRAINE-DNIPRO (GRAND),,,175,,
UKRAINE-DONETSK,,,200,,
UKRAINE-KHARKIV,,,100,247,
UKRAINE-KHARKIV (KHARKIV PALATS),,,170,,
UKRAINE-LVIV,,,92,,
UKRAINE-LVIV (LEOPOLIS),,,132,,
UKRAINE-ODESA,,,106,,
UKRAINE-ODESA (LONDONSKAYA),,,139,,
UKRAINE-ODESA (OTRADA),,,176,,
UNITED KINGDOM-LONDON,,,413,522,
UNITED KINGDOM-ELSEWHERE,,,363,,
URUGUAY-COLONIA,,,247,265,
URUGUAY-PUNTA DEL ESTE (APRIL-NOV),,,193,,
URUGUAY-PUNTA DEL ESTE (CONRAD) DECEMBER- MARCH,,,469,,
URUGUAY-PUNTA DEL ESTE (DEC-MARCH),,,345,,
URUGUAY-SALTO,,,245,,
USA-WASHINGTON D.C.,,,373,,
USA-BOSTON,,,385,,
USA-CHICAGO,,,339,,
USA-HONOLULU,,,385,,
USA-LOS ANGELES,,,385,,
USA-MIAMI,,,348,,
USA-NEW YORK (FIRST 30 DAYS),,,410,,
USA-NEW YORK (NEXT 30 DAYS),,,349,,
USA-NEW YORK SPECIAL HOTELS (JAN-AUG) FIRST 30 DAYS,,,500,,
USA-NEW YORK SPECIAL HOTELS (JAN-AUG) NEXT 30 DAYS,,,425,,
USA-NEW YORK SPECIAL HOTELS (SEP-DEC) FIRST 30 DAYS,,,600,,
USA-NEW YORK SPECIAL HOTELS (SEP-DEC) NEXT 30 DAYS,,,510,,
USA-PHILADELPHIA,,,326,,
USA-SAN FRANCISCO,,,381,,
USA-ELSEWHERE,,,303,,
UZBEKISTAN-TASHKENT (RESIDENTS),,,175,,
UZBEKISTAN-BUKHARA,,,95,,
UZBEKISTAN-BUKHARA (RESIDENTS),,,67,,
UZBEKISTAN-FERGANA,,,106,,
UZBEKISTAN-FERGANA (RESIDENTS),,,80,,
UZBEKISTAN-NUKUS AND URGENCH (NONRESIDENTS),,,85,,
UZBEKISTAN-SAMARKHAND,,,147,,
UZBEKISTAN-SAMARKHAND (RESIDENTS),,,91,,
UZBEKISTAN-TERMEZ,,,95,,
UZBEKISTAN-ELSEWHERE (RESIDENTS),,,58,,
VANUATU-SANTOS,,,268,293,
VANUATU-TANNA ISLAND,,,308,378,
"VENEZUELA-BARCELONA, PUERTO LA CRUZ",,,109,,
VENEZUELA-BARINAS,,,56,,
VENEZUELA-BARQUISIMIETO,,,100,,
VENEZUELA-CUMANA,,,78,,
VENEZUELA-ISLA DE MARGARITA,,,108,,
VENEZUELA-LA GUAIRA,,,146,,
VENEZUELA-MARACAIBO,,,90,563,
VENEZUELA-MARACAY AND VALENCIA,,,98,,
VENEZUELA-MATURIN,,,68,,
VENEZUELA-MERIDA,,,67,,
VENEZUELA-PUERTO ORDAZ,,,112,499,
VENEZUELA-PUNTO FIJO,,,73,472,
VENEZUELA-SAN CRISTOBAL,,,52,546,
VIETNAM-CAN THO,,,89,,
VIETNAM-DA LAT,,,130,,
"VIETNAM-DA NANG CITY, NHA TRANG",,,132,,
VIETNAM-HA LONG CITY,,,98,,
"VIETNAM-HAI PHONG CITY , DO SON",,,132,,
VIETNAM-HOI AN CITY,,,128,,
VIETNAM-HUE CITY,,,103,,
VIRGIN ISLANDS-ALL AREAS (1 MAY -14 DEC.),,,381,,
VIRGIN ISLANDS-ALL AREAS (15 DEC. - 30 APR.),,,530,,
WEST BANK-JERICHO AREA,,,186,,
WEST BANK-THE GAZA STRIP,,,165,,
WEST BANK-ELSEWHERE IN THE WEST BANK,,,217,,
WESTERN SAHARA-LAAYOUNE,,,120,,
"YEMEN, REPUBLIC OF-SANA'A",,,150,,
"YEMEN, REPUBLIC OF-SANA'A (DTF-FORMER SHERATON)",,,291,,
"YEMEN, REPUBLIC OF-SANA'A (MOVENPICK, SHEBA)",,,220,,
"YEMEN, REPUBLIC OF-ADEN",,,134,,
"YEMEN, REPUBLIC OF-HODEIDAH",,,104,,
"YEMEN, REPUBLIC OF-MUKALLA (RAMADA)",,,144,,
"YEMEN, REPUBLIC OF-SOCOTRA",,,127,,
"YEMEN, REPUBLIC OF-TAIZ (AL-SAEED)",,,184,,
"YEMEN, REPUBLIC OF-ELSEWHERE",,,100,,
ZAMBIA-LUSAKA (INTERCONTINENTAL HOTEL),,,313,,
"ZAMBIA-LUSAKA (PROTEA ARCADE, SOUTHERN SUN RIDGEWAY, TAJ PAMODZI)",,,343,,
ZAMBIA-CHINGOLA,,,186,,
ZAMBIA-CHIPATA,,,137,,
ZAMBIA-CHIPATA (PROTEA),,,299,,
ZAMBIA-KITWE,,,219,,
ZAMBIA-LIVINGSTONE,,,187,339,
"ZAMBIA-LIVINGSTONE (PROTEA, DAVID LIVINGSTONE, AVANI VICTORIA FALLS)",,,445,,
ZAMBIA-NDOLA,,,289,,
"ZAMBIA-SIAVONGA (LAKE SAFARI, LAKE KARIBA, FRESHVIEW)",,,174,,
ZAMBIA-SOLWEZI,,,183,,
"ZAMBIA-SOLWEZI (KASANSHI, ROYAL SOLWEZI)",,,269,,
ZIMBABWE-BULAWAYO,,,151,232,
ZIMBABWE-CHEGUTU (PAMUZUNDA HOTEL),,,189,,
ZIMBABWE-KADOMA,,,160,,
ZIMBABWE-KARIBA,,,157,,
ZIMBABWE-MASVINGO,,,127,,
ZIMBABWE-MUTARE,,,156,,
ZIMBABWE-NYANGA,,,150,,
ZIMBABWE-VICTORIA FALLS,,,199,365,
ZIMBABWE-VICTORIA FALLS (VICTORIA FALLS HOTEL),,,293,,
ZIMBABWE-VUMBA,,,152,,
ZIMBABWE-ELSEWHERE,,,110,,
AFGHANISTAN-[OTHER],,,,15,
ALBANIA-[OTHER],,,,131,
ALGERIA-[OTHER],,,,304,
ANDORRA-ANDORRA,,,,332,
ANGOLA-[OTHER],,,,575,
ANTARCTICA-ANTARCTICA REGION POSTS,,,,1,
ANTIGUA AND BARBUDA-[OTHER],,,,69,
ANTIGUA AND BARBUDA-ANTIGUA AND BARBUDA,,,,372,
ARGENTINA-[OTHER],,,,292,
ARGENTINA-BARILOCHE,,,,330,
ARMENIA-[OTHER],,,,240,
AUSTRALIA-[OTHER],,,,256,
AUSTRALIA-BENDIGO,,,,428,
AUSTRALIA-BROOME,,,,469,
AUSTRALIA-CAIRNS,,,,256,
"AUSTRALIA-DARWIN,  NORTHERN TERRITORY",,,,363,
AUSTRALIA-EXMOUTH,,,,312,
AUSTRALIA-FREMANTLE,,,,317,
"AUSTRALIA-RICHMOND, NSW",,,,278,
AUSTRIA-[OTHER],,,,377,
AUSTRIA-INNSBRUCK,,,,377,
AUSTRIA-LINZ,,,,364,
AZERBAIJAN-[OTHER],,,,179,
AZERBAIJAN-GANJA,,,,215,
AZERBAIJAN-QABALA,,,,212,
"BAHAMAS, THE-[OTHER]",,,,308,
"BAHAMAS, THE-ANDROS ISLAND",,,,266,
"BAHAMAS, THE-ELEUTHERA ISLAND",,,,426,
"BAHAMAS, THE-GRAND BAHAMA ISLAND",,,,313,
"BAHAMAS, THE-NASSAU",,,,477,
BANGLADESH-[OTHER],,,,144,
BANGLADESH-SYLHET,,,,174,
BARBADOS-BARBADOS,,,,426,
BELARUS-[OTHER],,,,274,
BELGIUM-[OTHER],,,,165,
BELGIUM-ANTWERP,,,,320,
BELGIUM-BRUGGE,,,,240,
BELGIUM-DIEGEM,,,,337,
BELGIUM-KLEINE BROGEL,,,,211,
BELGIUM-LIEGE,,,,233,
BELGIUM-SHAPE/CHIEVRES,,,,208,
BELGIUM-ZAVENTEM,,,,337,
BELIZE-[OTHER],,,,229,
BELIZE-CAYE CAULKER,,,,251,
BELIZE-SAN PEDRO,,,,273,
BENIN-[OTHER],,,,147,
BERMUDA-BERMUDA,,,,548,
BHUTAN-BHUTAN,,,,392,
BOLIVIA-[OTHER],,,,130,
BOLIVIA-POTOSI,,,,148,
BOLIVIA-TARIJA,,,,141,
BOSNIA AND HERZEGOVINA-[OTHER],,,,189,
BOTSWANA-[OTHER],,,,227,
BOTSWANA-FRANCISTOWN,,,,239,
BOTSWANA-SELEBI PHIKWE,,,,227,
BOTSWANA-SEROWE,,,,168,
BRAZIL-[OTHER],,,,307,
BRAZIL-BELEM,,,,204,
BRAZIL-BELO HORIZONTE,,,,185,
BRAZIL-FOZ DO IGUACU,,,,213,
BRAZIL-GOIANIA,,,,325,
BRAZIL-MANAUS,,,,243,
BRAZIL-NATAL,,,,294,
BRAZIL-PORTO ALEGRE,,,,246,
BRAZIL-PORTO VELHO,,,,166,
"BRAZIL-RECIFE, PERNAMBUCO",,,,292,
BRAZIL-SALVADOR DA BAHIA,,,,322,
BRUNEI-[OTHER],,,,123,
BRUNEI-JERUDONG,,,,351,
BULGARIA-[OTHER],,,,151,
BULGARIA-BOURGAS,,,,158,
BULGARIA-PLOVDIV,,,,227,
BULGARIA-VARNA,,,,155,
BURKINA FASO-[OTHER],,,,145,
BURKINA FASO-BOBO DIOULASSO,,,,145,
BURMA-[OTHER],,,,243,
BURMA-NAYPYITAW,,,,216,
BURMA-RANGOON,,,,287,
BURUNDI-[OTHER],,,,187,
CABO VERDE-[OTHER],,,,118,
CABO VERDE-BOA VISTA ISLAND,,,,233,
CABO VERDE-FOGO,,,,145,
CABO VERDE-PRAIA,,,,261,
CABO VERDE-SAL ISLAND,,,,272,
CABO VERDE-SAO TIAGO ISLAND,,,,105,
CABO VERDE-SAO VICENTE ISLAND,,,,213,
CAMBODIA-[OTHER],,,,167,
CAMEROON-[OTHER],,,,197,
CAMEROON-LIMBE,,,,241,
CANADA-[OTHER],,,,239,
CANADA-BANFF,,,,382,
CANADA-DARTMOUTH,,,,329,
CANADA-EDMONTON,,,,253,
"CANADA-FORT MCMURRAY, ALBERTA",,,,302,
CANADA-FREDERICTON,,,,302,
"CANADA-GANDER, NEWFOUNDLAND",,,,276,
CANADA-GOOSE BAY,,,,281,
CANADA-KELOWNA,,,,323,
"CANADA-LONDON, ONTARIO",,,,209,
CANADA-MISSISSAUGA,,,,168,
CANADA-MONCTON,,,,269,
CANADA-NANOOSE BAY,,,,203,
CANADA-NORTHWEST TERRITORIES,,,,179,
CANADA-PRINCE EDWARD ISLAND,,,,319,
CANADA-QUEBEC,,,,367,
CANADA-RICHMOND,,,,340,
CANADA-SIDNEY,,,,251,
"CANADA-ST. JOHN'S, NEWFOUNDLAND",,,,321,
CANADA-VICTORIA,,,,289,
"CANADA-WHITEHORSE, YUKON",,,,322,
CANADA-WINNIPEG,,,,335,
CANADA-YELLOWKNIFE,,,,239,
CAYMAN ISLANDS-CAYMAN ISLANDS,,,,735,
CENTRAL AFRICAN REPUBLIC-[OTHER],,,,327,
CHAD-[OTHER],,,,273,
CHAD-NDJAMENA,,,,360,
CHAGOS ARCHIPELAGO-DIEGO GARCIA,,,,157,
CHILE-[OTHER],,,,271,
CHINA-[OTHER],,,,262,
CHINA-CHANGCHUN,,,,267,
CHINA-GUILIN,,,,268,
CHINA-HARBIN,,,,288,
CHINA-LIJIANG,,,,286,
CHINA-NINGBO,,,,241,
CHINA-QINGDAO,,,,245,
CHINA-SHANTOU,,,,227,
CHINA-URUMQI,,,,225,
CHINA-WUHAN,,,,262,
CHINA-XIAN,,,,249,
CHINA-ZHUHAI,,,,261,
COCOS (KEELING) ISLANDS-COCOS ISLANDS,,,,108,
COLOMBIA-[OTHER],,,,250,
COMOROS-[OTHER],,,,143,
COOK ISLANDS-[OTHER],,,,331,
COSTA RICA-[OTHER],,,,256,
COTE D'IVOIRE-[OTHER],,,,156,
COTE D'IVOIRE-ABIDJAN,,,,371,
COTE D'IVOIRE-YAMOUSSOUKRO,,,,167,
CROATIA-[OTHER],,,,260,
CROATIA-CAVTAT,,,,323,
CUBA-[OTHER],,,,149,
CUBA-CAMAGUEY,,,,244,
CUBA-GUANTANAMO BAY,,,,112,
CUBA-HOLGUIN,,,,149,
CUBA-MATANZAS,,,,157,
CUBA-SANTIAGO,,,,190,
CUBA-TRINIDAD,,,,191,
CYPRUS-[OTHER],,,,267,
CYPRUS-AKROTIRI,,,,344,
CYPRUS-LIMASSOL,,,,344,
CYPRUS-PAPHOS,,,,316,
CZECH REPUBLIC-[OTHER],,,,218,
DEMOCRATIC REPUBLIC OF THE CONGO-[OTHER],,,,231,
DEMOCRATIC REPUBLIC OF THE CONGO-BUKAVU,,,,279,
DEMOCRATIC REPUBLIC OF THE CONGO-GOMA,,,,240,
DEMOCRATIC REPUBLIC OF THE CONGO-KINSHASA,,,,394,
DEMOCRATIC REPUBLIC OF THE CONGO-LUBUMBASHI,,,,323,
"DEMOCRATIC REPUBLIC OF THE CONGO-MBUJI MAYI, KASAI",,,,229,
DENMARK-[OTHER],,,,351,
DENMARK-AALBORG,,,,344,
DENMARK-LYNGBY,,,,421,
DENMARK-ODENSE,,,,360,
DJIBOUTI-[OTHER],,,,154,
DJIBOUTI-DJIBOUTI CITY,,,,381,
DOMINICA-DOMINICA,,,,244,
DOMINICAN REPUBLIC-[OTHER],,,,240,
DOMINICAN REPUBLIC-BAVARO,,,,288,
DOMINICAN REPUBLIC-PUNTA CANA,,,,282,
DOMINICAN REPUBLIC-SOSUA,,,,213,
ECUADOR-[OTHER],,,,204,
ECUADOR-GALAPAGOS ISLANDS,,,,415,
EGYPT-[OTHER],,,,186,
EGYPT-ASWAN,,,,227,
EGYPT-LUXOR,,,,229,
EL SALVADOR-[OTHER],,,,110,
EQUATORIAL GUINEA-[OTHER],,,,299,
ERITREA-[OTHER],,,,145,
ESTONIA-[OTHER],,,,211,
ETHIOPIA-[OTHER],,,,157,
FALKLAND ISLANDS (ISLAS MALVINAS)-FALKLAND ISLANDS,,,,185,
FAROE ISLANDS-FAROE ISLANDS,,,,355,
FIJI-[OTHER],,,,305,
FIJI-KOROLEVU,,,,149,
FIJI-NATADOLA,,,,573,
FIJI-SIGATOKA,,,,229,
FINLAND-[OTHER],,,,282,
FRANCE-[OTHER],,,,370,
FRANCE-CANNES,,,,524,
FRANCE-DEAUVILLE,,,,492,
FRANCE-MARSEILLE,,,,398,
FRANCE-MONTPELLIER,,,,395,
FRANCE-NICE,,,,384,
FRANCE-TOULOUSE,,,,386,
FRENCH GUIANA-FRENCH GUIANA,,,,287,
FRENCH POLYNESIA-FRENCH POLYNESIA,,,,421,
GABON-[OTHER],,,,317,
"GAMBIA, THE-[OTHER]",,,,67,
"GAMBIA, THE-BANJUL",,,,219,
GEORGIA-[OTHER],,,,135,
GEORGIA-AJARA REGION,,,,290,
GEORGIA-BORJOMI,,,,162,
GEORGIA-GUDAURI,,,,239,
GEORGIA-KUTAISI,,,,161,
GERMANY-[OTHER],,,,360,
GERMANY-BOEBLINGEN,,,,354,
GERMANY-BONAMES,,,,414,
GERMANY-BREMEN,,,,379,
GERMANY-COLOGNE,,,,373,
GERMANY-DRESDEN,,,,342,
GERMANY-DUESSELDORF,,,,399,
GERMANY-ECHTERDINGEN,,,,354,
GERMANY-ERFURT,,,,347,
GERMANY-ESCHBORN,,,,414,
GERMANY-ESSLINGEN,,,,354,
GERMANY-FRANKFURT AM MAIN,,,,414,
GERMANY-GARMISCH-PARTENKIRCHEN,,,,361,
GERMANY-HANNOVER,,,,286,
GERMANY-HEIDELBERG,,,,347,
GERMANY-HERONGEN,,,,399,
GERMANY-HOECHST,,,,414,
GERMANY-KALKAR,,,,399,
GERMANY-KOENIGSWINTER,,,,360,
GERMANY-KORNWESTHEIM,,,,354,
GERMANY-LEIPZIG,,,,349,
GERMANY-LUDWIGSBURG,,,,354,
GERMANY-MAINZ,,,,349,
GERMANY-MOENCHEN-GLADBACH,,,,399,
GERMANY-NELLINGEN,,,,354,
GERMANY-OBERAMMERGAU,,,,361,
GERMANY-OFFENBACH,,,,414,
GERMANY-ROEDELHEIM,,,,414,
GERMANY-SINDELFINGEN,,,,354,
GERMANY-STUTTGART,,,,354,
GERMANY-TUEBINGEN,,,,354,
GERMANY-TWISTEDEN,,,,399,
GERMANY-WIESBADEN,,,,330,
GHANA-[OTHER],,,,190,
GREECE-[OTHER],,,,261,
GREECE-IRAKLION (CRETE),,,,261,
GREENLAND-[OTHER],,,,301,
GREENLAND-ILULISSAT,,,,383,
GREENLAND-KANGERLUSSUAQ,,,,335,
GREENLAND-THULE,,,,278,
GRENADA-GRENADA,,,,349,
GUADELOUPE-[OTHER],,,,157,
GUADELOUPE-SAINT MARTIN (FRENCH PART),,,,248,
GUATEMALA-[OTHER],,,,182,
GUINEA-[OTHER],,,,105,
GUINEA-BISSAU-[OTHER],,,,117,
GUYANA-[OTHER],,,,283,
HAITI-[OTHER],,,,180,
HAITI-CAP HAITIEN,,,,241,
HAITI-JACMEL,,,,173,
HAITI-MONTROUIS,,,,239,
HAITI-PETIONVILLE,,,,266,
HOLY SEE-HOLY SEE,,,,548,
HONDURAS-[OTHER],,,,210,
HONDURAS-BAY ISLANDS,,,,311,
HONDURAS-TELA,,,,211,
HUNGARY-[OTHER],,,,152,
HUNGARY-PAPA,,,,152,
ICELAND-[OTHER],,,,276,
ICELAND-AKUREYRI,,,,277,
ICELAND-EGILSSTADIR,,,,363,
INDIA-[OTHER],,,,291,
INDIA-KOLKATA,,,,376,
INDIA-TRIVANDRUM,,,,238,
INDONESIA-[OTHER],,,,146,
INDONESIA-BALI,,,,393,
"INDONESIA-TIMIKA, IRIAN JAYA",,,,322,
IRAN-[OTHER],,,,155,
IRAQ-[OTHER],,,,329,
IRAQ-ERBIL,,,,276,
IRELAND-[OTHER],,,,277,
IRELAND-CORK,,,,300,
IRELAND-GALWAY,,,,310,
ISRAEL-[OTHER],,,,451,
ISRAEL-EN BOQEQ,,,,422,
ISRAEL-HERZLIYA-PITUACH,,,,533,
ISRAEL-SEDOM,,,,422,
ITALY-[OTHER],,,,343,
ITALY-AVIANO,,,,216,
ITALY-BARI,,,,425,
ITALY-BOLZANO,,,,273,
ITALY-CAPRI,,,,644,
ITALY-CATANIA,,,,444,
ITALY-COMO,,,,525,
ITALY-FERRARA,,,,305,
ITALY-GAETA,,,,191,
ITALY-GENOA,,,,382,
ITALY-LA SPEZIA,,,,272,
ITALY-MODENA,,,,290,
ITALY-PISA,,,,252,
ITALY-RAVENNA,,,,273,
ITALY-REGGIO EMILIA,,,,307,
ITALY-RIMINI,,,,326,
ITALY-SIENA,,,,416,
ITALY-TAORMINA,,,,444,
ITALY-TREVISO,,,,323,
ITALY-VERONA,,,,299,
ITALY-VICENZA,,,,262,
JAMAICA-[OTHER],,,,312,
JAPAN-[OTHER],,,,257,
JAPAN-AKASHI,,,,454,
JAPAN-AKITA,,,,222,
JAPAN-AMAGASAKI,,,,454,
JAPAN-AOMORI,,,,212,
JAPAN-ASAHIKAWA,,,,202,
JAPAN-ASHIYA,,,,332,
JAPAN-AWASHIMA,,,,525,
JAPAN-BEPPU,,,,304,
JAPAN-CHITOSE,,,,192,
JAPAN-FUKUI,,,,168,
JAPAN-FUKUYAMA,,,,176,
JAPAN-GIFU,,,,306,
JAPAN-HAMAMATSU,,,,252,
JAPAN-HIROSHIMA,,,,252,
JAPAN-ITAZUKE,,,,381,
JAPAN-IZUMISANO,,,,298,
JAPAN-KAGOSHIMA,,,,261,
JAPAN-KANAZAWA,,,,207,
JAPAN-KITAKYUSHU,,,,298,
JAPAN-KOCHI,,,,218,
JAPAN-KOMAKI,,,,255,
JAPAN-KUMAMOTO,,,,312,
JAPAN-KURASHIKI,,,,409,
JAPAN-KURE,,,,246,
JAPAN-KUSHIRO,,,,178,
JAPAN-MATSUE,,,,173,
JAPAN-MATSUYAMA,,,,252,
JAPAN-MIYAZAKI CITY,,,,407,
JAPAN-MORIOKA,,,,208,
JAPAN-NAGASAKI,,,,371,
JAPAN-NARA,,,,218,
JAPAN-NARITA,,,,291,
JAPAN-NIIGATA,,,,189,
JAPAN-NISHINOMIYA,,,,332,
JAPAN-OBIHIRO,,,,222,
JAPAN-OITA,,,,232,
JAPAN-OKAYAMA,,,,288,
JAPAN-OKINAWA PREFECTURE,,,,282,
JAPAN-OSAKA-KOBE,,,,454,
JAPAN-OTSU,,,,266,
JAPAN-OYAMA,,,,187,
JAPAN-SAPPORO,,,,315,
JAPAN-SASEBO,,,,241,
JAPAN-SENDAI,,,,289,
JAPAN-SHIGA,,,,266,
JAPAN-TAKAMATSU,,,,210,
JAPAN-TAKAYAMA,,,,269,
JAPAN-TOKUSHIMA,,,,207,
JAPAN-TOKYO CITY,,,,522,
JAPAN-TOKYO-TO,,,,272,
JAPAN-TOTTORI,,,,222,
JAPAN-TOYAMA,,,,255,
JAPAN-TOYONAKA,,,,295,
JAPAN-TSU,,,,257,
JAPAN-WAKAYAMA,,,,268,
JAPAN-YAMATO,,,,231,
JAPAN-YOKOTA,,,,214,
JAPAN-YUFUIN,,,,277,
JERUSALEM-JERUSALEM,,,,540,
JORDAN-[OTHER],,,,251,
JORDAN-DEAD SEA/JORDAN VALLEY,,,,316,
KAZAKHSTAN-[OTHER],,,,236,
KENYA-[OTHER],,,,194,
KENYA-LAMU,,,,420,
KENYA-MALINDI,,,,393,
KENYA-MARA AREA REGION,,,,333,
KENYA-MT. KENYA AREA,,,,383,
KENYA-NANYUKI,,,,58,
KENYA-WATAMU,,,,322,
KIRIBATI-[OTHER],,,,124,
KIRIBATI-KIRIBATI,,,,157,
"KOREA, SOUTH-[OTHER]",,,,139,
"KOREA, SOUTH-BUSAN",,,,384,
"KOREA, SOUTH-CHANGWON",,,,208,
"KOREA, SOUTH-CHEJU",,,,336,
"KOREA, SOUTH-CHINJU",,,,168,
"KOREA, SOUTH-CHONGJU",,,,136,
"KOREA, SOUTH-CHONJU",,,,244,
"KOREA, SOUTH-CHUNG JU",,,,158,
"KOREA, SOUTH-INCHEON",,,,273,
"KOREA, SOUTH-KIMHAE",,,,147,
"KOREA, SOUTH-KUMI",,,,199,
"KOREA, SOUTH-KWANGJU",,,,320,
"KOREA, SOUTH-KYONGJU",,,,252,
"KOREA, SOUTH-MASAN",,,,150,
"KOREA, SOUTH-PYEONGCHANG",,,,315,
"KOREA, SOUTH-PYONGTAEK",,,,155,
"KOREA, SOUTH-SEOUL",,,,378,
"KOREA, SOUTH-SOKCHO",,,,219,
"KOREA, SOUTH-TAEGU",,,,274,
"KOREA, SOUTH-TAEJON",,,,212,
"KOREA, SOUTH-UIJONGBU",,,,139,
"KOREA, SOUTH-ULSAN",,,,310,
KOSOVO-[OTHER],,,,102,
KUWAIT-[OTHER],,,,432,
KYRGYZSTAN-[OTHER],,,,128,
KYRGYZSTAN-ISSYK-KUL REGION,,,,192,
LAOS-[OTHER],,,,191,
LAOS-LUANG PRABANG,,,,273,
LATVIA-[OTHER],,,,162,
LEBANON-[OTHER],,,,210,
LESOTHO-[OTHER],,,,194,
LIBERIA-[OTHER],,,,116,
LIBYA-[OTHER],,,,160,
LIBYA-BENGHAZI,,,,196,
LIBYA-MISURATA,,,,196,
LIBYA-SIRTE,,,,196,
LIECHTENSTEIN-LIECHTENSTEIN,,,,426,
LITHUANIA-[OTHER],,,,222,
LITHUANIA-PALANGA,,,,267,
MACAU-MACAU,,,,441,
MACEDONIA-[OTHER],,,,181,
MACEDONIA-OHRID,,,,181,
MADAGASCAR-[OTHER],,,,167,
MADAGASCAR-NOSY BE,,,,213,
MALAWI-[OTHER],,,,198,
MALAWI-MANGOCHI,,,,198,
MALAWI-SALIMA,,,,251,
MALAYSIA-[OTHER],,,,156,
"MALAYSIA-KOTA KINABALU, SABAH",,,,256,
MALAYSIA-KUANTAN,,,,142,
MALAYSIA-LANGKAWI,,,,374,
MALDIVES-MALDIVES,,,,438,
MALI-[OTHER],,,,122,
MALTA-MALTA,,,,483,
MARSHALL ISLANDS-[OTHER],,,,83,
MARSHALL ISLANDS-KWAJALEIN ATOLL,,,,176,
MARSHALL ISLANDS-LIKIEP ATOLL,,,,113,
MARTINIQUE-MARTINIQUE,,,,297,
MAURITANIA-[OTHER],,,,78,
MAURITANIA-KAEDI,,,,76,
MAURITIUS-MAURITIUS,,,,229,
MAYOTTE-MAYOTTE ISLANDS,,,,194,
MEXICO-[OTHER],,,,167,
MEXICO-ACAPULCO,,,,262,
MEXICO-CABO SAN LUCAS,,,,381,
MEXICO-CAMPECHE,,,,191,
MEXICO-CANCUN,,,,361,
MEXICO-CHIHUAHUA,,,,183,
MEXICO-CIUDAD JUAREZ,,,,135,
MEXICO-CIUDAD VICTORIA,,,,151,
MEXICO-COLIMA,,,,195,
MEXICO-COZUMEL,,,,230,
MEXICO-CUERNAVACA,,,,211,
MEXICO-CULIACAN,,,,127,
MEXICO-ENSENADA,,,,210,
MEXICO-GUADALAJARA,,,,271,
MEXICO-HERMOSILLO,,,,174,
MEXICO-HUATULCO,,,,215,
MEXICO-IXTAPA ZIHUATANEJO,,,,187,
MEXICO-LA PAZ,,,,189,
MEXICO-MANZANILLO,,,,229,
MEXICO-MATAMOROS,,,,151,
MEXICO-MAZATLAN,,,,186,
MEXICO-MERIDA,,,,240,
MEXICO-MEXICALI,,,,222,
"MEXICO-MEXICO CITY, D.F.",,,,362,
MEXICO-MONTERREY,,,,257,
MEXICO-MORELIA,,,,172,
MEXICO-NOGALES,,,,193,
MEXICO-NUEVO LAREDO,,,,160,
"MEXICO-PLAYA DEL CARMEN, QUINTANA ROO",,,,229,
MEXICO-PUEBLA,,,,211,
MEXICO-PUERTO PENASCO,,,,362,
MEXICO-PUERTO VALLARTA,,,,280,
MEXICO-QUERETARO,,,,179,
MEXICO-SAN CARLOS,,,,162,
MEXICO-SAN MIGUEL DE ALLENDE,,,,179,
MEXICO-TAPACHULA,,,,151,
MEXICO-TIJUANA,,,,204,
MEXICO-VALLE DEL BRAVO,,,,337,
MEXICO-VERACRUZ,,,,191,
MEXICO-ZACATECAS,,,,197,
"MICRONESIA, FEDERATED STATES OF-[OTHER]",,,,185,
"MICRONESIA, FEDERATED STATES OF-CHUUK",,,,185,
"MICRONESIA, FEDERATED STATES OF-KOSRAE",,,,198,
"MICRONESIA, FEDERATED STATES OF-POHNPEI",,,,201,
"MICRONESIA, FEDERATED STATES OF-YAP",,,,198,
MOLDOVA-[OTHER],,,,234,
MONGOLIA-[OTHER],,,,161,
MONTENEGRO-[OTHER],,,,299,
MONTSERRAT-MONTSERRAT,,,,164,
MOROCCO-[OTHER],,,,213,
MOROCCO-TAROUDANT,,,,235,
MOZAMBIQUE-[OTHER],,,,303,
NAMIBIA-[OTHER],,,,132,
NAMIBIA-ETOSHA,,,,138,
NEPAL-[OTHER],,,,188,
NEPAL-POKHARA,,,,184,
NETHERLANDS-[OTHER],,,,329,
NETHERLANDS-COEVORDEN,,,,298,
NETHERLANDS-EINDHOVEN,,,,348,
NETHERLANDS-LISSE,,,,325,
NETHERLANDS-MAASTRICHT,,,,406,
NETHERLANDS-NOORDWIJK,,,,321,
NETHERLANDS-PAPENDRECHT,,,,348,
NETHERLANDS-ROTTERDAM,,,,348,
NETHERLANDS-SCHIPHOL,,,,349,
NETHERLANDS-UTRECHT,,,,306,
NETHERLANDS-YPENBURG,,,,338,
NETHERLANDS ANTILLES-[OTHER],,,,246,
NETHERLANDS ANTILLES-ARUBA,,,,380,
NETHERLANDS ANTILLES-BONAIRE,,,,246,
NETHERLANDS ANTILLES-CURACAO,,,,305,
NETHERLANDS ANTILLES-SABA,,,,299,
NETHERLANDS ANTILLES-SINT MAARTEN (DUTCH PART),,,,301,
NEW CALEDONIA-NEW CALEDONIA,,,,289,
NEW ZEALAND-[OTHER],,,,224,
NEW ZEALAND-DUNEDIN,,,,264,
NEW ZEALAND-QUEENSTOWN,,,,447,
NEW ZEALAND-ROTARUA,,,,269,
NICARAGUA-[OTHER],,,,153,
NICARAGUA-SAN JUAN DEL SUR,,,,312,
NIGER-[OTHER],,,,156,
NIGERIA-[OTHER],,,,449,
NIGERIA-KADUNA,,,,378,
NIUE-NIUE,,,,129,
NORWAY-[OTHER],,,,292,
OMAN-[OTHER],,,,332,
OMAN-DUQM,,,,314,
OMAN-SALALAH,,,,332,
OTHER FOREIGN LOCALITIES-OTHER FOREIGN LOCALITIES,,,,55,
PAKISTAN-[OTHER],,,,259,
PAKISTAN-FAISALABAD,,,,257,
PALAU-[OTHER],,,,340,
PANAMA-[OTHER],,,,142,
PANAMA-COLON,,,,201,
"PANAMA-DAVID, CHIRIQUI",,,,195,
PAPUA NEW GUINEA-[OTHER],,,,251,
PARAGUAY-[OTHER],,,,122,
PARAGUAY-CIUDAD DEL ESTE,,,,218,
PARAGUAY-PEGRO JUAN,,,,121,
PERU-[OTHER],,,,197,
PERU-CUSCO,,,,333,
PERU-PARACAS,,,,274,
PHILIPPINES-[OTHER],,,,172,
PHILIPPINES-MACTAN,,,,239,
POLAND-[OTHER],,,,201,
POLAND-BYDGOSZCZ,,,,201,
POLAND-GDANSK,,,,229,
POLAND-KATOWICE,,,,234,
POLAND-KIELCE,,,,219,
POLAND-KRAKOW,,,,356,
POLAND-POZNAN,,,,307,
POLAND-WROCLAW,,,,254,
POLAND-ZAKOPANE,,,,200,
PORTUGAL-[OTHER],,,,178,
PORTUGAL-CASCAIS,,,,218,
PORTUGAL-ESTORIL,,,,218,
PORTUGAL-FAIAL ISLAND,,,,183,
PORTUGAL-MADEIRA ISLANDS,,,,186,
PORTUGAL-OEIRAS,,,,218,
PORTUGAL-PONTA DELGADA,,,,215,
PORTUGAL-SAO MIGUEL ISLAND,,,,215,
QATAR-[OTHER],,,,389,
REPUBLIC OF THE CONGO-[OTHER],,,,423,
REPUBLIC OF THE CONGO-BRAZZAVILLE,,,,423,
REUNION-REUNION,,,,221,
ROMANIA-[OTHER],,,,206,
ROMANIA-CONSTANTA,,,,179,
RUSSIA-[OTHER],,,,296,
RUSSIA-SAINT PETERSBURG,,,,486,
RUSSIA-SOCHI,,,,507,
RUSSIA-VLADIVOSTOK,,,,335,
RUSSIA-YEKATERINBURG,,,,296,
RUSSIA-YUZHNO-SAKHALINSK,,,,370,
RWANDA-[OTHER],,,,156,
RWANDA-AKAGERA,,,,194,
RWANDA-GISENYI,,,,156,
RWANDA-RUHENGERI,,,,135,
SAINT HELENA-SAINT HELENA,,,,61,
SAINT KITTS AND NEVIS-SAINT KITTS AND NEVIS,,,,431,
SAINT VINCENT AND THE GRENADINES-SAINT VINCENT AND THE GRENADINES,,,,263,
SAMOA-SAMOA,,,,300,
SAUDI ARABIA-[OTHER],,,,510,
SAUDI ARABIA-DHAHRAN AREA,,,,436,
SAUDI ARABIA-ESKAN,,,,123,
SAUDI ARABIA-MEDINA,,,,186,
SAUDI ARABIA-TAIF,,,,198,
SENEGAL-[OTHER],,,,155,
SENEGAL-MBOUR,,,,196,
SERBIA-[OTHER],,,,130,
SERBIA-KOPAONIK,,,,220,
SEYCHELLES-SEYCHELLES,,,,447,
SIERRA LEONE-[OTHER],,,,221,
SLOVAKIA-[OTHER],,,,200,
SLOVAKIA-LIPTOVSKY MIKULAS,,,,242,
SLOVAKIA-ZILINA,,,,190,
SLOVENIA-[OTHER],,,,284,
SLOVENIA-PORTOROZ,,,,293,
SOLOMON ISLANDS-SOLOMON ISLANDS,,,,364,
SOMALIA-[OTHER],,,,169,
SOMALIA-MOGADISHU,,,,66,
SOUTH AFRICA-[OTHER],,,,224,
SOUTH SUDAN-[OTHER],,,,272,
SPAIN-[OTHER],,,,266,
SPAIN-ALMERIA,,,,292,
SPAIN-BALEARIC ISLANDS,,,,336,
SPAIN-BILBAO,,,,252,
SPAIN-FUENGIROLA,,,,261,
SPAIN-LA CORUNA,,,,255,
SPAIN-LAS PALMAS DE GRAN CANARIA,,,,304,
SPAIN-MALAGA,,,,263,
SPAIN-MARBELLA,,,,263,
SPAIN-OVIEDO,,,,226,
SPAIN-SAN SEBASTIAN,,,,241,
SPAIN-SANTA CRUZ DE TENERIFE,,,,231,
SPAIN-SANTANDER,,,,274,
SPAIN-SANTIAGO DE COMPOSTELA,,,,286,
SPAIN-SEVILLE,,,,268,
SPAIN-VALENCIA,,,,244,
SPAIN-VIGO,,,,246,
SPAIN-ZARAGOZA,,,,379,
SRI LANKA-[OTHER],,,,152,
SRI LANKA-AHUNGALLA,,,,168,
SRI LANKA-BENTOTA,,,,146,
SRI LANKA-CHILAW,,,,151,
SRI LANKA-GALLE,,,,216,
SRI LANKA-TRINCOMALEE,,,,231,
ST LUCIA-SAINT LUCIA,,,,377,
SUDAN-[OTHER],,,,295,
SURINAME-[OTHER],,,,260,
SWAZILAND-[OTHER],,,,77,
SWEDEN-[OTHER],,,,403,
SWITZERLAND-[OTHER],,,,398,
SWITZERLAND-BAD RAGAZ,,,,585,
SWITZERLAND-BASEL,,,,418,
SWITZERLAND-KLOSTERS,,,,467,
SWITZERLAND-LUGANO,,,,438,
SWITZERLAND-MONTREUX,,,,506,
SYRIA-[OTHER],,,,344,
TAIWAN-[OTHER],,,,192,
TAIWAN-KAOHSIUNG,,,,218,
TAIWAN-TAICHUNG,,,,195,
TAJIKISTAN-[OTHER],,,,155,
TAJIKISTAN-KHOROG,,,,256,
TAJIKISTAN-KULOB,,,,155,
TANZANIA-[OTHER],,,,157,
TANZANIA-ARUSHA,,,,240,
TANZANIA-MOROGORO,,,,197,
THAILAND-[OTHER],,,,106,
THAILAND-HAT YAI,,,,180,
THAILAND-KHAO LAK,,,,281,
THAILAND-KRABI,,,,281,
THAILAND-NONG KHAI,,,,106,
THAILAND-PATTAYA CITY,,,,194,
THAILAND-SAMUI ISLAND,,,,232,
TIMOR-LESTE-[OTHER],,,,100,
TOGO-[OTHER],,,,81,
TOGO-LAMA KARA,,,,106,
TOGO-SOKODE,,,,107,
TOKELAU-TOKELAU ISLANDS,,,,38,
TONGA-[OTHER],,,,216,
TONGA-NUKUALOFA,,,,216,
TRINIDAD AND TOBAGO-[OTHER],,,,382,
TUNISIA-[OTHER],,,,173,
TUNISIA-JERBA,,,,193,
TUNISIA-TABARKA,,,,190,
TUNISIA-TAMERZA,,,,136,
TUNISIA-TOZEUR,,,,131,
TURKEY-[OTHER],,,,202,
TURKEY-ADANA-INCIRLIK,,,,265,
TURKEY-AYDIN,,,,264,
TURKEY-BURSA,,,,260,
TURKEY-ELMADAG,,,,356,
TURKEY-IZMIR-CIGLI,,,,328,
TURKEY-MANZARALI,,,,356,
TURKEY-NEVSEHIR,,,,233,
TURKEY-YAMANLAR,,,,328,
TURKMENISTAN-[OTHER],,,,165,
TURKS AND CAICOS ISLANDS-TURKS AND CAICOS ISLANDS,,,,388,
TUVALU-TUVALU,,,,194,
UGANDA-[OTHER],,,,110,
UGANDA-FORT PORTAL,,,,176,
UGANDA-GULU,,,,110,
UGANDA-JINJA,,,,289,
UGANDA-MBALE,,,,146,
UKRAINE-[OTHER],,,,237,
UNITED ARAB EMIRATES-[OTHER],,,,538,
UNITED KINGDOM-[OTHER],,,,330,
UNITED KINGDOM-BELFAST,,,,330,
UNITED KINGDOM-BIRMINGHAM,,,,260,
UNITED KINGDOM-BRISTOL,,,,317,
UNITED KINGDOM-CAMBRIDGE,,,,436,
"UNITED KINGDOM-CARDIFF, WALES",,,,279,
UNITED KINGDOM-CAVERSHAM,,,,380,
UNITED KINGDOM-CHELTENHAM,,,,278,
UNITED KINGDOM-CRAWLEY,,,,522,
UNITED KINGDOM-EDINBURGH,,,,311,
UNITED KINGDOM-FAIRFORD,,,,283,
UNITED KINGDOM-GATWICK,,,,323,
UNITED KINGDOM-GLASGOW,,,,276,
UNITED KINGDOM-HARROGATE,,,,205,
UNITED KINGDOM-HIGH WYCOMBE,,,,270,
UNITED KINGDOM-HORLEY,,,,323,
UNITED KINGDOM-LIVERPOOL,,,,381,
UNITED KINGDOM-LOUDWATER,,,,266,
UNITED KINGDOM-MANCHESTER,,,,398,
UNITED KINGDOM-MENWITH HILL,,,,205,
UNITED KINGDOM-OXFORD,,,,453,
UNITED KINGDOM-READING,,,,380,
URUGUAY-[OTHER],,,,252,
URUGUAY-PUNTA DEL ESTE,,,,389,
UZBEKISTAN-[OTHER],,,,142,
VANUATU-[OTHER],,,,33,
VENEZUELA-[OTHER],,,,484,
VENEZUELA-BARQUISIMETO,,,,562,
VENEZUELA-PORLAMAR,,,,547,
VENEZUELA-PUERTO LA CRUZ,,,,484,
VIETNAM-[OTHER],,,,207,
VIETNAM-DALAT,,,,244,
VIETNAM-DANANG,,,,241,
"VIRGIN ISLANDS, BRITISH-VIRGIN ISLANDS, BRITISH",,,,297,
WALLIS AND FUTUNA-WALLIS AND FUTUNA,,,,137,
YEMEN-[OTHER],,,,173,
YEMEN-SANAA,,,,455,
ZAMBIA-[OTHER],,,,175,
ZIMBABWE-[OTHER],,,,221,
